-- Seed data for GP2 PostgreSQL schema
-- Row counts by table:
--   traffic_control_zone: 6
--   intersection: 56
--   signalized_intersection: 56
--   sensor: 190
--   sensor_reading: 380
--   traffic_signal: 190
--   maintenance_crew: 11
--   road_segment: 55
--   weather_station: 6
--   weather_station_capability: 18
--   weather_reading: 24
--   incident: 78
--   maintenance_task: 110
--   sensor_maintenance_task: 40
--   traffic_signal_maintenance_task: 30
--   road_segment_maintenance_task: 30
--   weather_station_maintenance_task: 10
--   zone_control_management: 99
--   facility: 22
--   operation_hour: 154
--   parking_facility: 11
--   emergency_facility: 11
--   emergency_route: 22
--   emergency_route_path: 123
--   emergency_route_usage: 88

-- traffic_control_zone (6 rows)
INSERT INTO traffic_control_zone (zone_number, default_speed_limit, enforcement_level, zone_type, restriction_type, restriction_details) OVERRIDING SYSTEM VALUE VALUES
(1, 25, 5, 'downtown', 'time-based', 'Peak-hour curb loading restricted weekdays 4-7 PM'),
(2, 30, 3, 'residential', NULL, NULL),
(3, 40, 4, 'industrial', 'vehicle-type', 'Freight corridor access prioritized for commercial trucks'),
(4, 20, 5, 'school', 'time-based', 'School speed limit active weekdays 7-9 AM and 2-4 PM'),
(5, 25, 4, 'commercial', 'time-based', 'Retail delivery vehicles limited to 6-10 AM loading window'),
(6, 35, 2, 'residential', 'vehicle-type', 'Through-truck traffic prohibited except local delivery');

-- intersection (56 rows)
INSERT INTO intersection (intersection_id, intersection_name, latitude, longitude, intersection_type, traffic_handling_capacity, installation_date, jurisdiction_district, elevation) OVERRIDING SYSTEM VALUE VALUES
(1, 'K St NW & 23rd St NW', 38.89, -77.048, '4-way', 3200, '2008-02-03', 'Ward 2', 12.5),
(2, 'K St NW & 22nd St NW', 38.89, -77.043, '4-way', 3240, '2011-03-05', 'Ward 2', 13.4),
(3, 'K St NW & 21st St NW', 38.89, -77.038, '4-way', 3280, '2014-04-07', 'Ward 2', 14.3),
(4, 'K St NW & 20th St NW', 38.89, -77.033, '4-way', 3320, '2017-05-09', 'Ward 2', 15.2),
(5, 'K St NW & 19th St NW', 38.89, -77.028, '4-way', 3360, '2020-06-11', 'Ward 1', 16.1),
(6, 'K St NW & 18th St NW', 38.89, -77.023, 'roundabout', 3025, '2023-07-13', 'Ward 1', 17),
(7, 'K St NW & 17th St NW', 38.89, -77.018, '4-way', 3440, '2007-08-15', 'Ward 6', 17.9),
(8, 'K St NW & 16th St NW', 38.89, -77.013, 'T-junction', 2345, '2010-09-17', 'Ward 6', 18.8),
(9, 'I St NW & 23rd St NW', 38.894, -77.048, '2-way', 2160, '2013-10-19', 'Ward 2', 14.3),
(10, 'I St NW & 22nd St NW', 38.894, -77.043, '4-way', 3325, '2016-11-21', 'Ward 2', 15.2),
(11, 'I St NW & 21st St NW', 38.894, -77.038, '4-way', 3365, '2019-12-23', 'Ward 2', 16.1),
(12, 'I St NW & 20th St NW', 38.894, -77.033, '4-way', 3405, '2022-01-25', 'Ward 2', 17),
(13, 'I St NW & 19th St NW', 38.894, -77.028, '4-way', 3445, '2006-02-27', 'Ward 1', 17.9),
(14, 'I St NW & 18th St NW', 38.894, -77.023, '4-way', 3485, '2009-03-02', 'Ward 1', 18.8),
(15, 'I St NW & 17th St NW', 38.894, -77.018, 'roundabout', 3140, '2012-04-04', 'Ward 6', 19.7),
(16, 'I St NW & 16th St NW', 38.894, -77.013, '4-way', 3565, '2015-05-06', 'Ward 6', 20.6),
(17, 'H St NW & 23rd St NW', 38.898, -77.048, '4-way', 3370, '2018-06-08', 'Ward 2', 16.1),
(18, 'H St NW & 22nd St NW', 38.898, -77.043, 'T-junction', 2255, '2021-07-10', 'Ward 2', 17),
(19, 'H St NW & 21st St NW', 38.898, -77.038, '2-way', 2290, '2005-08-12', 'Ward 2', 17.9),
(20, 'H St NW & 20th St NW', 38.898, -77.033, '4-way', 3490, '2008-09-14', 'Ward 2', 18.8),
(21, 'H St NW & 19th St NW', 38.898, -77.028, '4-way', 3530, '2011-10-16', 'Ward 1', 19.7),
(22, 'H St NW & 18th St NW', 38.898, -77.023, '4-way', 3570, '2014-11-18', 'Ward 1', 20.6),
(23, 'H St NW & 17th St NW', 38.898, -77.018, '4-way', 3610, '2017-12-20', 'Ward 6', 21.5),
(24, 'H St NW & 16th St NW', 38.898, -77.013, 'roundabout', 3255, '2020-01-22', 'Ward 6', 22.4),
(25, 'G St NW & 23rd St NW', 38.902, -77.048, '4-way', 3455, '2023-02-24', 'Ward 2', 17.9),
(26, 'G St NW & 22nd St NW', 38.902, -77.043, '4-way', 3495, '2007-03-26', 'Ward 2', 18.8),
(27, 'G St NW & 21st St NW', 38.902, -77.038, '4-way', 3535, '2010-04-01', 'Ward 2', 19.7),
(28, 'G St NW & 20th St NW', 38.902, -77.033, 'T-junction', 2385, '2013-05-03', 'Ward 2', 20.6),
(29, 'G St NW & 19th St NW', 38.902, -77.028, '2-way', 2420, '2016-06-05', 'Ward 1', 21.5),
(30, 'G St NW & 18th St NW', 38.902, -77.023, '4-way', 3655, '2019-07-07', 'Ward 1', 22.4),
(31, 'G St NW & 17th St NW', 38.902, -77.018, '4-way', 3695, '2022-08-09', 'Ward 6', 23.3),
(32, 'G St NW & 16th St NW', 38.902, -77.013, '4-way', 3735, '2006-09-11', 'Ward 6', 24.2),
(33, 'F St NW & 23rd St NW', 38.906, -77.048, 'roundabout', 3080, '2009-10-13', 'Ward 2', 19.7),
(34, 'F St NW & 22nd St NW', 38.906, -77.043, '4-way', 3580, '2012-11-15', 'Ward 2', 20.6),
(35, 'F St NW & 21st St NW', 38.906, -77.038, '4-way', 3620, '2015-12-17', 'Ward 2', 21.5),
(36, 'F St NW & 20th St NW', 38.906, -77.033, '4-way', 3660, '2018-01-19', 'Ward 2', 22.4),
(37, 'F St NW & 19th St NW', 38.906, -77.028, '4-way', 3700, '2021-02-21', 'Ward 1', 23.3),
(38, 'F St NW & 18th St NW', 38.906, -77.023, 'T-junction', 2515, '2005-03-23', 'Ward 1', 24.2),
(39, 'F St NW & 17th St NW', 38.906, -77.018, '2-way', 2550, '2008-04-25', 'Ward 6', 25.1),
(40, 'F St NW & 16th St NW', 38.906, -77.013, '4-way', 3820, '2011-05-27', 'Ward 6', 26),
(41, 'E St NW & 23rd St NW', 38.91, -77.048, '4-way', 3625, '2014-06-02', 'Ward 2', 21.5),
(42, 'E St NW & 22nd St NW', 38.91, -77.043, 'roundabout', 3195, '2017-07-04', 'Ward 2', 22.4),
(43, 'E St NW & 21st St NW', 38.91, -77.038, '4-way', 3705, '2020-08-06', 'Ward 2', 23.3),
(44, 'E St NW & 20th St NW', 38.91, -77.033, '4-way', 3745, '2023-09-08', 'Ward 2', 24.2),
(45, 'E St NW & 19th St NW', 38.91, -77.028, '4-way', 3785, '2007-10-10', 'Ward 1', 25.1),
(46, 'E St NW & 18th St NW', 38.91, -77.023, '4-way', 3825, '2010-11-12', 'Ward 1', 26),
(47, 'E St NW & 17th St NW', 38.91, -77.018, '4-way', 3865, '2013-12-14', 'Ward 6', 26.9),
(48, 'E St NW & 16th St NW', 38.91, -77.013, 'T-junction', 2645, '2016-01-16', 'Ward 6', 27.8),
(49, 'D St NW & 23rd St NW', 38.914, -77.048, '2-way', 2460, '2019-02-18', 'Ward 2', 23.3),
(50, 'D St NW & 22nd St NW', 38.914, -77.043, '4-way', 3750, '2022-03-20', 'Ward 2', 24.2),
(51, 'D St NW & 21st St NW', 38.914, -77.038, 'roundabout', 3310, '2006-04-22', 'Ward 2', 25.1),
(52, 'D St NW & 20th St NW', 38.914, -77.033, '4-way', 3830, '2009-05-24', 'Ward 2', 26),
(53, 'D St NW & 19th St NW', 38.914, -77.028, '4-way', 3870, '2012-06-26', 'Ward 1', 26.9),
(54, 'D St NW & 18th St NW', 38.914, -77.023, '4-way', 3910, '2015-07-01', 'Ward 1', 27.8),
(55, 'D St NW & 17th St NW', 38.914, -77.018, '4-way', 3950, '2018-08-03', 'Ward 6', 28.7),
(56, 'D St NW & 16th St NW', 38.914, -77.013, '4-way', 3990, '2021-09-05', 'Ward 6', 29.6);

-- signalized_intersection (56 rows)
INSERT INTO signalized_intersection (intersection_id) VALUES
(1),
(2),
(3),
(4),
(5),
(6),
(7),
(8),
(9),
(10),
(11),
(12),
(13),
(14),
(15),
(16),
(17),
(18),
(19),
(20),
(21),
(22),
(23),
(24),
(25),
(26),
(27),
(28),
(29),
(30),
(31),
(32),
(33),
(34),
(35),
(36),
(37),
(38),
(39),
(40),
(41),
(42),
(43),
(44),
(45),
(46),
(47),
(48),
(49),
(50),
(51),
(52),
(53),
(54),
(55),
(56);

-- sensor (190 rows)
INSERT INTO sensor (sensor_id, intersection_id, sensor_status, sensor_type, installation_date) OVERRIDING SYSTEM VALUE VALUES
(1, 1, 'active', 'radar', '2011-02-03'),
(2, 1, 'active', 'camera', '2012-03-05'),
(3, 1, 'active', 'lidar', '2013-04-07'),
(4, 1, 'active', 'acoustic', '2014-05-09'),
(5, 2, 'active', 'lidar', '2015-06-11'),
(6, 2, 'active', 'acoustic', '2016-07-13'),
(7, 2, 'active', 'inductive_loop', '2017-08-15'),
(8, 2, 'active', 'radar', '2018-09-17'),
(9, 3, 'active', 'inductive_loop', '2019-10-19'),
(10, 3, 'active', 'radar', '2020-11-21'),
(11, 3, 'active', 'camera', '2021-12-23'),
(12, 3, 'active', 'lidar', '2022-01-25'),
(13, 4, 'active', 'camera', '2023-02-27'),
(14, 4, 'maintenance', 'lidar', '2010-03-02'),
(15, 4, 'maintenance', 'acoustic', '2011-04-04'),
(16, 4, 'offline', 'inductive_loop', '2012-05-06'),
(17, 5, 'active', 'acoustic', '2013-06-08'),
(18, 5, 'active', 'inductive_loop', '2014-07-10'),
(19, 5, 'active', 'radar', '2015-08-12'),
(20, 5, 'active', 'camera', '2016-09-14'),
(21, 7, 'active', 'lidar', '2017-10-16'),
(22, 7, 'active', 'acoustic', '2018-11-18'),
(23, 7, 'active', 'inductive_loop', '2019-12-20'),
(24, 7, 'active', 'radar', '2020-01-22'),
(25, 8, 'active', 'inductive_loop', '2021-02-24'),
(26, 8, 'active', 'radar', '2022-03-26'),
(27, 8, 'active', 'camera', '2023-04-01'),
(28, 9, 'active', 'acoustic', '2010-05-03'),
(29, 9, 'active', 'inductive_loop', '2011-06-05'),
(30, 9, 'active', 'radar', '2012-07-07'),
(31, 10, 'maintenance', 'radar', '2013-08-09'),
(32, 10, 'maintenance', 'camera', '2014-09-11'),
(33, 10, 'offline', 'lidar', '2015-10-13'),
(34, 10, 'active', 'acoustic', '2016-11-15'),
(35, 11, 'active', 'lidar', '2017-12-17'),
(36, 11, 'active', 'acoustic', '2018-01-19'),
(37, 11, 'active', 'inductive_loop', '2019-02-21'),
(38, 11, 'active', 'radar', '2020-03-23'),
(39, 12, 'active', 'inductive_loop', '2021-04-25'),
(40, 12, 'active', 'radar', '2022-05-27'),
(41, 12, 'active', 'camera', '2023-06-02'),
(42, 12, 'active', 'lidar', '2010-07-04'),
(43, 13, 'active', 'camera', '2011-08-06'),
(44, 13, 'active', 'lidar', '2012-09-08'),
(45, 13, 'active', 'acoustic', '2013-10-10'),
(46, 13, 'active', 'inductive_loop', '2014-11-12'),
(47, 14, 'active', 'acoustic', '2015-12-14'),
(48, 14, 'maintenance', 'inductive_loop', '2016-01-16'),
(49, 14, 'maintenance', 'radar', '2017-02-18'),
(50, 14, 'offline', 'camera', '2018-03-20'),
(51, 16, 'active', 'lidar', '2019-04-22'),
(52, 16, 'active', 'acoustic', '2020-05-24'),
(53, 16, 'active', 'inductive_loop', '2021-06-26'),
(54, 16, 'active', 'radar', '2022-07-01'),
(55, 17, 'active', 'camera', '2023-08-03'),
(56, 17, 'active', 'lidar', '2010-09-05'),
(57, 17, 'active', 'acoustic', '2011-10-07'),
(58, 17, 'active', 'inductive_loop', '2012-11-09'),
(59, 18, 'active', 'acoustic', '2013-12-11'),
(60, 18, 'active', 'inductive_loop', '2014-01-13'),
(61, 18, 'active', 'radar', '2015-02-15'),
(62, 19, 'active', 'radar', '2016-03-17'),
(63, 19, 'active', 'camera', '2017-04-19'),
(64, 19, 'active', 'lidar', '2018-05-21'),
(65, 20, 'maintenance', 'lidar', '2019-06-23'),
(66, 20, 'maintenance', 'acoustic', '2020-07-25'),
(67, 20, 'offline', 'inductive_loop', '2021-08-27'),
(68, 20, 'active', 'radar', '2022-09-02'),
(69, 21, 'active', 'inductive_loop', '2023-10-04'),
(70, 21, 'active', 'radar', '2010-11-06'),
(71, 21, 'active', 'camera', '2011-12-08'),
(72, 21, 'active', 'lidar', '2012-01-10'),
(73, 22, 'active', 'camera', '2013-02-12'),
(74, 22, 'active', 'lidar', '2014-03-14'),
(75, 22, 'active', 'acoustic', '2015-04-16'),
(76, 22, 'active', 'inductive_loop', '2016-05-18'),
(77, 23, 'active', 'acoustic', '2017-06-20'),
(78, 23, 'active', 'inductive_loop', '2018-07-22'),
(79, 23, 'active', 'radar', '2019-08-24'),
(80, 23, 'active', 'camera', '2020-09-26'),
(81, 25, 'active', 'inductive_loop', '2021-10-01'),
(82, 25, 'maintenance', 'radar', '2022-11-03'),
(83, 25, 'maintenance', 'camera', '2023-12-05'),
(84, 25, 'offline', 'lidar', '2010-01-07'),
(85, 26, 'active', 'camera', '2011-02-09'),
(86, 26, 'active', 'lidar', '2012-03-11'),
(87, 26, 'active', 'acoustic', '2013-04-13'),
(88, 26, 'active', 'inductive_loop', '2014-05-15'),
(89, 27, 'active', 'acoustic', '2015-06-17'),
(90, 27, 'active', 'inductive_loop', '2016-07-19'),
(91, 27, 'active', 'radar', '2017-08-21'),
(92, 27, 'active', 'camera', '2018-09-23'),
(93, 28, 'active', 'radar', '2019-10-25'),
(94, 28, 'active', 'camera', '2020-11-27'),
(95, 28, 'active', 'lidar', '2021-12-02'),
(96, 29, 'active', 'lidar', '2022-01-04'),
(97, 29, 'active', 'acoustic', '2023-02-06'),
(98, 29, 'active', 'inductive_loop', '2010-03-08'),
(99, 30, 'maintenance', 'inductive_loop', '2011-04-10'),
(100, 30, 'maintenance', 'radar', '2012-05-12'),
(101, 30, 'offline', 'camera', '2013-06-14'),
(102, 30, 'active', 'lidar', '2014-07-16'),
(103, 31, 'active', 'camera', '2015-08-18'),
(104, 31, 'active', 'lidar', '2016-09-20'),
(105, 31, 'active', 'acoustic', '2017-10-22'),
(106, 31, 'active', 'inductive_loop', '2018-11-24'),
(107, 32, 'active', 'acoustic', '2019-12-26'),
(108, 32, 'active', 'inductive_loop', '2020-01-01'),
(109, 32, 'active', 'radar', '2021-02-03'),
(110, 32, 'active', 'camera', '2022-03-05'),
(111, 34, 'active', 'inductive_loop', '2023-04-07'),
(112, 34, 'active', 'radar', '2010-05-09'),
(113, 34, 'active', 'camera', '2011-06-11'),
(114, 34, 'active', 'lidar', '2012-07-13'),
(115, 35, 'active', 'camera', '2013-08-15'),
(116, 35, 'maintenance', 'lidar', '2014-09-17'),
(117, 35, 'maintenance', 'acoustic', '2015-10-19'),
(118, 35, 'offline', 'inductive_loop', '2016-11-21'),
(119, 36, 'active', 'acoustic', '2017-12-23'),
(120, 36, 'active', 'inductive_loop', '2018-01-25'),
(121, 36, 'active', 'radar', '2019-02-27'),
(122, 36, 'active', 'camera', '2020-03-02'),
(123, 37, 'active', 'radar', '2021-04-04'),
(124, 37, 'active', 'camera', '2022-05-06'),
(125, 37, 'active', 'lidar', '2023-06-08'),
(126, 37, 'active', 'acoustic', '2010-07-10'),
(127, 38, 'active', 'lidar', '2011-08-12'),
(128, 38, 'active', 'acoustic', '2012-09-14'),
(129, 38, 'active', 'inductive_loop', '2013-10-16'),
(130, 39, 'active', 'inductive_loop', '2014-11-18'),
(131, 39, 'active', 'radar', '2015-12-20'),
(132, 39, 'active', 'camera', '2016-01-22'),
(133, 40, 'maintenance', 'camera', '2017-02-24'),
(134, 40, 'maintenance', 'lidar', '2018-03-26'),
(135, 40, 'offline', 'acoustic', '2019-04-01'),
(136, 40, 'active', 'inductive_loop', '2020-05-03'),
(137, 41, 'active', 'radar', '2021-06-05'),
(138, 41, 'active', 'camera', '2022-07-07'),
(139, 41, 'active', 'lidar', '2023-08-09'),
(140, 41, 'active', 'acoustic', '2010-09-11'),
(141, 43, 'active', 'inductive_loop', '2011-10-13'),
(142, 43, 'active', 'radar', '2012-11-15'),
(143, 43, 'active', 'camera', '2013-12-17'),
(144, 43, 'active', 'lidar', '2014-01-19'),
(145, 44, 'active', 'camera', '2015-02-21'),
(146, 44, 'active', 'lidar', '2016-03-23'),
(147, 44, 'active', 'acoustic', '2017-04-25'),
(148, 44, 'active', 'inductive_loop', '2018-05-27'),
(149, 45, 'active', 'acoustic', '2019-06-02'),
(150, 45, 'maintenance', 'inductive_loop', '2020-07-04'),
(151, 45, 'maintenance', 'radar', '2021-08-06'),
(152, 45, 'offline', 'camera', '2022-09-08'),
(153, 46, 'active', 'radar', '2023-10-10'),
(154, 46, 'active', 'camera', '2010-11-12'),
(155, 46, 'active', 'lidar', '2011-12-14'),
(156, 46, 'active', 'acoustic', '2012-01-16'),
(157, 47, 'active', 'lidar', '2013-02-18'),
(158, 47, 'active', 'acoustic', '2014-03-20'),
(159, 47, 'active', 'inductive_loop', '2015-04-22'),
(160, 47, 'active', 'radar', '2016-05-24'),
(161, 48, 'active', 'inductive_loop', '2017-06-26'),
(162, 48, 'active', 'radar', '2018-07-01'),
(163, 48, 'active', 'camera', '2019-08-03'),
(164, 49, 'active', 'acoustic', '2020-09-05'),
(165, 49, 'active', 'inductive_loop', '2021-10-07'),
(166, 49, 'active', 'radar', '2022-11-09'),
(167, 50, 'maintenance', 'radar', '2023-12-11'),
(168, 50, 'maintenance', 'camera', '2010-01-13'),
(169, 50, 'offline', 'lidar', '2011-02-15'),
(170, 50, 'active', 'acoustic', '2012-03-17'),
(171, 52, 'active', 'inductive_loop', '2013-04-19'),
(172, 52, 'active', 'radar', '2014-05-21'),
(173, 52, 'active', 'camera', '2015-06-23'),
(174, 52, 'active', 'lidar', '2016-07-25'),
(175, 53, 'active', 'camera', '2017-08-27'),
(176, 53, 'active', 'lidar', '2018-09-02'),
(177, 53, 'active', 'acoustic', '2019-10-04'),
(178, 53, 'active', 'inductive_loop', '2020-11-06'),
(179, 54, 'active', 'acoustic', '2021-12-08'),
(180, 54, 'active', 'inductive_loop', '2022-01-10'),
(181, 54, 'active', 'radar', '2023-02-12'),
(182, 54, 'active', 'camera', '2010-03-14'),
(183, 55, 'active', 'radar', '2011-04-16'),
(184, 55, 'maintenance', 'camera', '2012-05-18'),
(185, 55, 'maintenance', 'lidar', '2013-06-20'),
(186, 55, 'offline', 'acoustic', '2014-07-22'),
(187, 56, 'active', 'lidar', '2015-08-24'),
(188, 56, 'active', 'acoustic', '2016-09-26'),
(189, 56, 'active', 'inductive_loop', '2017-10-01'),
(190, 56, 'active', 'radar', '2018-11-03');

-- sensor_reading (380 rows)
INSERT INTO sensor_reading (sensor_reading_id, sensor_id, vehicle_speed, occupancy, traffic_flow, reading_timestamp) OVERRIDING SYSTEM VALUE VALUES
(1, 1, 21, 15, 127, '2026-04-15 10:07:00'),
(2, 1, 23, 24, 150, '2026-04-16 11:20:00'),
(3, 2, 24, 20, 144, '2026-04-15 13:14:00'),
(4, 2, 26, 29, 167, '2026-04-16 14:27:00'),
(5, 3, 27, 25, 161, '2026-04-15 16:21:00'),
(6, 3, 29, 34, 184, '2026-04-16 17:34:00'),
(7, 4, 30, 30, 178, '2026-04-15 07:28:00'),
(8, 4, 32, 39, 201, '2026-04-16 08:41:00'),
(9, 5, 33, 35, 195, '2026-04-15 10:35:00'),
(10, 5, 35, 44, 218, '2026-04-16 11:48:00'),
(11, 6, 36, 40, 212, '2026-04-15 13:42:00'),
(12, 6, 38, 49, 235, '2026-04-16 14:55:00'),
(13, 7, 39, 45, 229, '2026-04-15 16:49:00'),
(14, 7, 41, 54, 252, '2026-04-16 17:02:00'),
(15, 8, 42, 50, 246, '2026-04-15 07:56:00'),
(16, 8, 44, 59, 269, '2026-04-16 08:09:00'),
(17, 9, 45, 55, 263, '2026-04-15 10:03:00'),
(18, 9, 47, 64, 286, '2026-04-16 11:16:00'),
(19, 10, 48, 60, 280, '2026-04-15 13:10:00'),
(20, 10, 50, 69, 303, '2026-04-16 14:23:00'),
(21, 11, 18, 65, 297, '2026-04-15 16:17:00'),
(22, 11, 20, 74, 320, '2026-04-16 17:30:00'),
(23, 12, 21, 70, 314, '2026-04-15 07:24:00'),
(24, 12, 23, 79, 337, '2026-04-16 08:37:00'),
(25, 13, 24, 75, 331, '2026-04-15 10:31:00'),
(26, 13, 26, 84, 354, '2026-04-16 11:44:00'),
(27, 14, 27, 80, 348, '2026-04-15 13:38:00'),
(28, 14, 29, 89, 371, '2026-04-16 14:51:00'),
(29, 15, 30, 85, 365, '2026-04-15 16:45:00'),
(30, 15, 32, 13, 388, '2026-04-16 17:58:00'),
(31, 16, 33, 90, 382, '2026-04-15 07:52:00'),
(32, 16, 35, 18, 405, '2026-04-16 08:05:00'),
(33, 17, 36, 14, 399, '2026-04-15 10:59:00'),
(34, 17, 38, 23, 422, '2026-04-16 11:12:00'),
(35, 18, 39, 19, 416, '2026-04-15 13:06:00'),
(36, 18, 41, 28, 439, '2026-04-16 14:19:00'),
(37, 19, 42, 24, 433, '2026-04-15 16:13:00'),
(38, 19, 44, 33, 456, '2026-04-16 17:26:00'),
(39, 20, 45, 29, 450, '2026-04-15 07:20:00'),
(40, 20, 47, 38, 473, '2026-04-16 08:33:00'),
(41, 21, 48, 34, 467, '2026-04-15 10:27:00'),
(42, 21, 50, 43, 490, '2026-04-16 11:40:00'),
(43, 22, 18, 39, 484, '2026-04-15 13:34:00'),
(44, 22, 20, 48, 507, '2026-04-16 14:47:00'),
(45, 23, 21, 44, 501, '2026-04-15 16:41:00'),
(46, 23, 23, 53, 524, '2026-04-16 17:54:00'),
(47, 24, 24, 49, 518, '2026-04-15 07:48:00'),
(48, 24, 26, 58, 541, '2026-04-16 08:01:00'),
(49, 25, 27, 54, 535, '2026-04-15 10:55:00'),
(50, 25, 29, 63, 558, '2026-04-16 11:08:00'),
(51, 26, 30, 59, 552, '2026-04-15 13:02:00'),
(52, 26, 32, 68, 575, '2026-04-16 14:15:00'),
(53, 27, 33, 64, 569, '2026-04-15 16:09:00'),
(54, 27, 35, 73, 592, '2026-04-16 17:22:00'),
(55, 28, 36, 69, 586, '2026-04-15 07:16:00'),
(56, 28, 38, 78, 609, '2026-04-16 08:29:00'),
(57, 29, 39, 74, 603, '2026-04-15 10:23:00'),
(58, 29, 41, 83, 126, '2026-04-16 11:36:00'),
(59, 30, 42, 79, 120, '2026-04-15 13:30:00'),
(60, 30, 44, 88, 143, '2026-04-16 14:43:00'),
(61, 31, 45, 84, 137, '2026-04-15 16:37:00'),
(62, 31, 47, 12, 160, '2026-04-16 17:50:00'),
(63, 32, 48, 89, 154, '2026-04-15 07:44:00'),
(64, 32, 50, 17, 177, '2026-04-16 08:57:00'),
(65, 33, 18, 13, 171, '2026-04-15 10:51:00'),
(66, 33, 20, 22, 194, '2026-04-16 11:04:00'),
(67, 34, 21, 18, 188, '2026-04-15 13:58:00'),
(68, 34, 23, 27, 211, '2026-04-16 14:11:00'),
(69, 35, 24, 23, 205, '2026-04-15 16:05:00'),
(70, 35, 26, 32, 228, '2026-04-16 17:18:00'),
(71, 36, 27, 28, 222, '2026-04-15 07:12:00'),
(72, 36, 29, 37, 245, '2026-04-16 08:25:00'),
(73, 37, 30, 33, 239, '2026-04-15 10:19:00'),
(74, 37, 32, 42, 262, '2026-04-16 11:32:00'),
(75, 38, 33, 38, 256, '2026-04-15 13:26:00'),
(76, 38, 35, 47, 279, '2026-04-16 14:39:00'),
(77, 39, 36, 43, 273, '2026-04-15 16:33:00'),
(78, 39, 38, 52, 296, '2026-04-16 17:46:00'),
(79, 40, 39, 48, 290, '2026-04-15 07:40:00'),
(80, 40, 41, 57, 313, '2026-04-16 08:53:00'),
(81, 41, 42, 53, 307, '2026-04-15 10:47:00'),
(82, 41, 44, 62, 330, '2026-04-16 11:00:00'),
(83, 42, 45, 58, 324, '2026-04-15 13:54:00'),
(84, 42, 47, 67, 347, '2026-04-16 14:07:00'),
(85, 43, 48, 63, 341, '2026-04-15 16:01:00'),
(86, 43, 50, 72, 364, '2026-04-16 17:14:00'),
(87, 44, 18, 68, 358, '2026-04-15 07:08:00'),
(88, 44, 20, 77, 381, '2026-04-16 08:21:00'),
(89, 45, 21, 73, 375, '2026-04-15 10:15:00'),
(90, 45, 23, 82, 398, '2026-04-16 11:28:00'),
(91, 46, 24, 78, 392, '2026-04-15 13:22:00'),
(92, 46, 26, 87, 415, '2026-04-16 14:35:00'),
(93, 47, 27, 83, 409, '2026-04-15 16:29:00'),
(94, 47, 29, 11, 432, '2026-04-16 17:42:00'),
(95, 48, 30, 88, 426, '2026-04-15 07:36:00'),
(96, 48, 32, 16, 449, '2026-04-16 08:49:00'),
(97, 49, 33, 12, 443, '2026-04-15 10:43:00'),
(98, 49, 35, 21, 466, '2026-04-16 11:56:00'),
(99, 50, 36, 17, 460, '2026-04-15 13:50:00'),
(100, 50, 38, 26, 483, '2026-04-16 14:03:00'),
(101, 51, 39, 22, 477, '2026-04-15 16:57:00'),
(102, 51, 41, 31, 500, '2026-04-16 17:10:00'),
(103, 52, 42, 27, 494, '2026-04-15 07:04:00'),
(104, 52, 44, 36, 517, '2026-04-16 08:17:00'),
(105, 53, 45, 32, 511, '2026-04-15 10:11:00'),
(106, 53, 47, 41, 534, '2026-04-16 11:24:00'),
(107, 54, 48, 37, 528, '2026-04-15 13:18:00'),
(108, 54, 50, 46, 551, '2026-04-16 14:31:00'),
(109, 55, 18, 42, 545, '2026-04-15 16:25:00'),
(110, 55, 20, 51, 568, '2026-04-16 17:38:00'),
(111, 56, 21, 47, 562, '2026-04-15 07:32:00'),
(112, 56, 23, 56, 585, '2026-04-16 08:45:00'),
(113, 57, 24, 52, 579, '2026-04-15 10:39:00'),
(114, 57, 26, 61, 602, '2026-04-16 11:52:00'),
(115, 58, 27, 57, 596, '2026-04-15 13:46:00'),
(116, 58, 29, 66, 119, '2026-04-16 14:59:00'),
(117, 59, 30, 62, 113, '2026-04-15 16:53:00'),
(118, 59, 32, 71, 136, '2026-04-16 17:06:00'),
(119, 60, 33, 67, 130, '2026-04-15 07:00:00'),
(120, 60, 35, 76, 153, '2026-04-16 08:13:00'),
(121, 61, 36, 72, 147, '2026-04-15 10:07:00'),
(122, 61, 38, 81, 170, '2026-04-16 11:20:00'),
(123, 62, 39, 77, 164, '2026-04-15 13:14:00'),
(124, 62, 41, 86, 187, '2026-04-16 14:27:00'),
(125, 63, 42, 82, 181, '2026-04-15 16:21:00'),
(126, 63, 44, 10, 204, '2026-04-16 17:34:00'),
(127, 64, 45, 87, 198, '2026-04-15 07:28:00'),
(128, 64, 47, 15, 221, '2026-04-16 08:41:00'),
(129, 65, 48, 11, 215, '2026-04-15 10:35:00'),
(130, 65, 50, 20, 238, '2026-04-16 11:48:00'),
(131, 66, 18, 16, 232, '2026-04-15 13:42:00'),
(132, 66, 20, 25, 255, '2026-04-16 14:55:00'),
(133, 67, 21, 21, 249, '2026-04-15 16:49:00'),
(134, 67, 23, 30, 272, '2026-04-16 17:02:00'),
(135, 68, 24, 26, 266, '2026-04-15 07:56:00'),
(136, 68, 26, 35, 289, '2026-04-16 08:09:00'),
(137, 69, 27, 31, 283, '2026-04-15 10:03:00'),
(138, 69, 29, 40, 306, '2026-04-16 11:16:00'),
(139, 70, 30, 36, 300, '2026-04-15 13:10:00'),
(140, 70, 32, 45, 323, '2026-04-16 14:23:00'),
(141, 71, 33, 41, 317, '2026-04-15 16:17:00'),
(142, 71, 35, 50, 340, '2026-04-16 17:30:00'),
(143, 72, 36, 46, 334, '2026-04-15 07:24:00'),
(144, 72, 38, 55, 357, '2026-04-16 08:37:00'),
(145, 73, 39, 51, 351, '2026-04-15 10:31:00'),
(146, 73, 41, 60, 374, '2026-04-16 11:44:00'),
(147, 74, 42, 56, 368, '2026-04-15 13:38:00'),
(148, 74, 44, 65, 391, '2026-04-16 14:51:00'),
(149, 75, 45, 61, 385, '2026-04-15 16:45:00'),
(150, 75, 47, 70, 408, '2026-04-16 17:58:00'),
(151, 76, 48, 66, 402, '2026-04-15 07:52:00'),
(152, 76, 50, 75, 425, '2026-04-16 08:05:00'),
(153, 77, 18, 71, 419, '2026-04-15 10:59:00'),
(154, 77, 20, 80, 442, '2026-04-16 11:12:00'),
(155, 78, 21, 76, 436, '2026-04-15 13:06:00'),
(156, 78, 23, 85, 459, '2026-04-16 14:19:00'),
(157, 79, 24, 81, 453, '2026-04-15 16:13:00'),
(158, 79, 26, 90, 476, '2026-04-16 17:26:00'),
(159, 80, 27, 86, 470, '2026-04-15 07:20:00'),
(160, 80, 29, 14, 493, '2026-04-16 08:33:00'),
(161, 81, 30, 10, 487, '2026-04-15 10:27:00'),
(162, 81, 32, 19, 510, '2026-04-16 11:40:00'),
(163, 82, 33, 15, 504, '2026-04-15 13:34:00'),
(164, 82, 35, 24, 527, '2026-04-16 14:47:00'),
(165, 83, 36, 20, 521, '2026-04-15 16:41:00'),
(166, 83, 38, 29, 544, '2026-04-16 17:54:00'),
(167, 84, 39, 25, 538, '2026-04-15 07:48:00'),
(168, 84, 41, 34, 561, '2026-04-16 08:01:00'),
(169, 85, 42, 30, 555, '2026-04-15 10:55:00'),
(170, 85, 44, 39, 578, '2026-04-16 11:08:00'),
(171, 86, 45, 35, 572, '2026-04-15 13:02:00'),
(172, 86, 47, 44, 595, '2026-04-16 14:15:00'),
(173, 87, 48, 40, 589, '2026-04-15 16:09:00'),
(174, 87, 50, 49, 112, '2026-04-16 17:22:00'),
(175, 88, 18, 45, 606, '2026-04-15 07:16:00'),
(176, 88, 20, 54, 129, '2026-04-16 08:29:00'),
(177, 89, 21, 50, 123, '2026-04-15 10:23:00'),
(178, 89, 23, 59, 146, '2026-04-16 11:36:00'),
(179, 90, 24, 55, 140, '2026-04-15 13:30:00'),
(180, 90, 26, 64, 163, '2026-04-16 14:43:00'),
(181, 91, 27, 60, 157, '2026-04-15 16:37:00'),
(182, 91, 29, 69, 180, '2026-04-16 17:50:00'),
(183, 92, 30, 65, 174, '2026-04-15 07:44:00'),
(184, 92, 32, 74, 197, '2026-04-16 08:57:00'),
(185, 93, 33, 70, 191, '2026-04-15 10:51:00'),
(186, 93, 35, 79, 214, '2026-04-16 11:04:00'),
(187, 94, 36, 75, 208, '2026-04-15 13:58:00'),
(188, 94, 38, 84, 231, '2026-04-16 14:11:00'),
(189, 95, 39, 80, 225, '2026-04-15 16:05:00'),
(190, 95, 41, 89, 248, '2026-04-16 17:18:00'),
(191, 96, 42, 85, 242, '2026-04-15 07:12:00'),
(192, 96, 44, 13, 265, '2026-04-16 08:25:00'),
(193, 97, 45, 90, 259, '2026-04-15 10:19:00'),
(194, 97, 47, 18, 282, '2026-04-16 11:32:00'),
(195, 98, 48, 14, 276, '2026-04-15 13:26:00'),
(196, 98, 50, 23, 299, '2026-04-16 14:39:00'),
(197, 99, 18, 19, 293, '2026-04-15 16:33:00'),
(198, 99, 20, 28, 316, '2026-04-16 17:46:00'),
(199, 100, 21, 24, 310, '2026-04-15 07:40:00'),
(200, 100, 23, 33, 333, '2026-04-16 08:53:00'),
(201, 101, 24, 29, 327, '2026-04-15 10:47:00'),
(202, 101, 26, 38, 350, '2026-04-16 11:00:00'),
(203, 102, 27, 34, 344, '2026-04-15 13:54:00'),
(204, 102, 29, 43, 367, '2026-04-16 14:07:00'),
(205, 103, 30, 39, 361, '2026-04-15 16:01:00'),
(206, 103, 32, 48, 384, '2026-04-16 17:14:00'),
(207, 104, 33, 44, 378, '2026-04-15 07:08:00'),
(208, 104, 35, 53, 401, '2026-04-16 08:21:00'),
(209, 105, 36, 49, 395, '2026-04-15 10:15:00'),
(210, 105, 38, 58, 418, '2026-04-16 11:28:00'),
(211, 106, 39, 54, 412, '2026-04-15 13:22:00'),
(212, 106, 41, 63, 435, '2026-04-16 14:35:00'),
(213, 107, 42, 59, 429, '2026-04-15 16:29:00'),
(214, 107, 44, 68, 452, '2026-04-16 17:42:00'),
(215, 108, 45, 64, 446, '2026-04-15 07:36:00'),
(216, 108, 47, 73, 469, '2026-04-16 08:49:00'),
(217, 109, 48, 69, 463, '2026-04-15 10:43:00'),
(218, 109, 50, 78, 486, '2026-04-16 11:56:00'),
(219, 110, 18, 74, 480, '2026-04-15 13:50:00'),
(220, 110, 20, 83, 503, '2026-04-16 14:03:00'),
(221, 111, 21, 79, 497, '2026-04-15 16:57:00'),
(222, 111, 23, 88, 520, '2026-04-16 17:10:00'),
(223, 112, 24, 84, 514, '2026-04-15 07:04:00'),
(224, 112, 26, 12, 537, '2026-04-16 08:17:00'),
(225, 113, 27, 89, 531, '2026-04-15 10:11:00'),
(226, 113, 29, 17, 554, '2026-04-16 11:24:00'),
(227, 114, 30, 13, 548, '2026-04-15 13:18:00'),
(228, 114, 32, 22, 571, '2026-04-16 14:31:00'),
(229, 115, 33, 18, 565, '2026-04-15 16:25:00'),
(230, 115, 35, 27, 588, '2026-04-16 17:38:00'),
(231, 116, 36, 23, 582, '2026-04-15 07:32:00'),
(232, 116, 38, 32, 605, '2026-04-16 08:45:00'),
(233, 117, 39, 28, 599, '2026-04-15 10:39:00'),
(234, 117, 41, 37, 122, '2026-04-16 11:52:00'),
(235, 118, 42, 33, 116, '2026-04-15 13:46:00'),
(236, 118, 44, 42, 139, '2026-04-16 14:59:00'),
(237, 119, 45, 38, 133, '2026-04-15 16:53:00'),
(238, 119, 47, 47, 156, '2026-04-16 17:06:00'),
(239, 120, 48, 43, 150, '2026-04-15 07:00:00'),
(240, 120, 50, 52, 173, '2026-04-16 08:13:00'),
(241, 121, 18, 48, 167, '2026-04-15 10:07:00'),
(242, 121, 20, 57, 190, '2026-04-16 11:20:00'),
(243, 122, 21, 53, 184, '2026-04-15 13:14:00'),
(244, 122, 23, 62, 207, '2026-04-16 14:27:00'),
(245, 123, 24, 58, 201, '2026-04-15 16:21:00'),
(246, 123, 26, 67, 224, '2026-04-16 17:34:00'),
(247, 124, 27, 63, 218, '2026-04-15 07:28:00'),
(248, 124, 29, 72, 241, '2026-04-16 08:41:00'),
(249, 125, 30, 68, 235, '2026-04-15 10:35:00'),
(250, 125, 32, 77, 258, '2026-04-16 11:48:00'),
(251, 126, 33, 73, 252, '2026-04-15 13:42:00'),
(252, 126, 35, 82, 275, '2026-04-16 14:55:00'),
(253, 127, 36, 78, 269, '2026-04-15 16:49:00'),
(254, 127, 38, 87, 292, '2026-04-16 17:02:00'),
(255, 128, 39, 83, 286, '2026-04-15 07:56:00'),
(256, 128, 41, 11, 309, '2026-04-16 08:09:00'),
(257, 129, 42, 88, 303, '2026-04-15 10:03:00'),
(258, 129, 44, 16, 326, '2026-04-16 11:16:00'),
(259, 130, 45, 12, 320, '2026-04-15 13:10:00'),
(260, 130, 47, 21, 343, '2026-04-16 14:23:00'),
(261, 131, 48, 17, 337, '2026-04-15 16:17:00'),
(262, 131, 50, 26, 360, '2026-04-16 17:30:00'),
(263, 132, 18, 22, 354, '2026-04-15 07:24:00'),
(264, 132, 20, 31, 377, '2026-04-16 08:37:00'),
(265, 133, 21, 27, 371, '2026-04-15 10:31:00'),
(266, 133, 23, 36, 394, '2026-04-16 11:44:00'),
(267, 134, 24, 32, 388, '2026-04-15 13:38:00'),
(268, 134, 26, 41, 411, '2026-04-16 14:51:00'),
(269, 135, 27, 37, 405, '2026-04-15 16:45:00'),
(270, 135, 29, 46, 428, '2026-04-16 17:58:00'),
(271, 136, 30, 42, 422, '2026-04-15 07:52:00'),
(272, 136, 32, 51, 445, '2026-04-16 08:05:00'),
(273, 137, 33, 47, 439, '2026-04-15 10:59:00'),
(274, 137, 35, 56, 462, '2026-04-16 11:12:00'),
(275, 138, 36, 52, 456, '2026-04-15 13:06:00'),
(276, 138, 38, 61, 479, '2026-04-16 14:19:00'),
(277, 139, 39, 57, 473, '2026-04-15 16:13:00'),
(278, 139, 41, 66, 496, '2026-04-16 17:26:00'),
(279, 140, 42, 62, 490, '2026-04-15 07:20:00'),
(280, 140, 44, 71, 513, '2026-04-16 08:33:00'),
(281, 141, 45, 67, 507, '2026-04-15 10:27:00'),
(282, 141, 47, 76, 530, '2026-04-16 11:40:00'),
(283, 142, 48, 72, 524, '2026-04-15 13:34:00'),
(284, 142, 50, 81, 547, '2026-04-16 14:47:00'),
(285, 143, 18, 77, 541, '2026-04-15 16:41:00'),
(286, 143, 20, 86, 564, '2026-04-16 17:54:00'),
(287, 144, 21, 82, 558, '2026-04-15 07:48:00'),
(288, 144, 23, 10, 581, '2026-04-16 08:01:00'),
(289, 145, 24, 87, 575, '2026-04-15 10:55:00'),
(290, 145, 26, 15, 598, '2026-04-16 11:08:00'),
(291, 146, 27, 11, 592, '2026-04-15 13:02:00'),
(292, 146, 29, 20, 115, '2026-04-16 14:15:00'),
(293, 147, 30, 16, 609, '2026-04-15 16:09:00'),
(294, 147, 32, 25, 132, '2026-04-16 17:22:00'),
(295, 148, 33, 21, 126, '2026-04-15 07:16:00'),
(296, 148, 35, 30, 149, '2026-04-16 08:29:00'),
(297, 149, 36, 26, 143, '2026-04-15 10:23:00'),
(298, 149, 38, 35, 166, '2026-04-16 11:36:00'),
(299, 150, 39, 31, 160, '2026-04-15 13:30:00'),
(300, 150, 41, 40, 183, '2026-04-16 14:43:00'),
(301, 151, 42, 36, 177, '2026-04-15 16:37:00'),
(302, 151, 44, 45, 200, '2026-04-16 17:50:00'),
(303, 152, 45, 41, 194, '2026-04-15 07:44:00'),
(304, 152, 47, 50, 217, '2026-04-16 08:57:00'),
(305, 153, 48, 46, 211, '2026-04-15 10:51:00'),
(306, 153, 50, 55, 234, '2026-04-16 11:04:00'),
(307, 154, 18, 51, 228, '2026-04-15 13:58:00'),
(308, 154, 20, 60, 251, '2026-04-16 14:11:00'),
(309, 155, 21, 56, 245, '2026-04-15 16:05:00'),
(310, 155, 23, 65, 268, '2026-04-16 17:18:00'),
(311, 156, 24, 61, 262, '2026-04-15 07:12:00'),
(312, 156, 26, 70, 285, '2026-04-16 08:25:00'),
(313, 157, 27, 66, 279, '2026-04-15 10:19:00'),
(314, 157, 29, 75, 302, '2026-04-16 11:32:00'),
(315, 158, 30, 71, 296, '2026-04-15 13:26:00'),
(316, 158, 32, 80, 319, '2026-04-16 14:39:00'),
(317, 159, 33, 76, 313, '2026-04-15 16:33:00'),
(318, 159, 35, 85, 336, '2026-04-16 17:46:00'),
(319, 160, 36, 81, 330, '2026-04-15 07:40:00'),
(320, 160, 38, 90, 353, '2026-04-16 08:53:00'),
(321, 161, 39, 86, 347, '2026-04-15 10:47:00'),
(322, 161, 41, 14, 370, '2026-04-16 11:00:00'),
(323, 162, 42, 10, 364, '2026-04-15 13:54:00'),
(324, 162, 44, 19, 387, '2026-04-16 14:07:00'),
(325, 163, 45, 15, 381, '2026-04-15 16:01:00'),
(326, 163, 47, 24, 404, '2026-04-16 17:14:00'),
(327, 164, 48, 20, 398, '2026-04-15 07:08:00'),
(328, 164, 50, 29, 421, '2026-04-16 08:21:00'),
(329, 165, 18, 25, 415, '2026-04-15 10:15:00'),
(330, 165, 20, 34, 438, '2026-04-16 11:28:00'),
(331, 166, 21, 30, 432, '2026-04-15 13:22:00'),
(332, 166, 23, 39, 455, '2026-04-16 14:35:00'),
(333, 167, 24, 35, 449, '2026-04-15 16:29:00'),
(334, 167, 26, 44, 472, '2026-04-16 17:42:00'),
(335, 168, 27, 40, 466, '2026-04-15 07:36:00'),
(336, 168, 29, 49, 489, '2026-04-16 08:49:00'),
(337, 169, 30, 45, 483, '2026-04-15 10:43:00'),
(338, 169, 32, 54, 506, '2026-04-16 11:56:00'),
(339, 170, 33, 50, 500, '2026-04-15 13:50:00'),
(340, 170, 35, 59, 523, '2026-04-16 14:03:00'),
(341, 171, 36, 55, 517, '2026-04-15 16:57:00'),
(342, 171, 38, 64, 540, '2026-04-16 17:10:00'),
(343, 172, 39, 60, 534, '2026-04-15 07:04:00'),
(344, 172, 41, 69, 557, '2026-04-16 08:17:00'),
(345, 173, 42, 65, 551, '2026-04-15 10:11:00'),
(346, 173, 44, 74, 574, '2026-04-16 11:24:00'),
(347, 174, 45, 70, 568, '2026-04-15 13:18:00'),
(348, 174, 47, 79, 591, '2026-04-16 14:31:00'),
(349, 175, 48, 75, 585, '2026-04-15 16:25:00'),
(350, 175, 50, 84, 608, '2026-04-16 17:38:00'),
(351, 176, 18, 80, 602, '2026-04-15 07:32:00'),
(352, 176, 20, 89, 125, '2026-04-16 08:45:00'),
(353, 177, 21, 85, 119, '2026-04-15 10:39:00'),
(354, 177, 23, 13, 142, '2026-04-16 11:52:00'),
(355, 178, 24, 90, 136, '2026-04-15 13:46:00'),
(356, 178, 26, 18, 159, '2026-04-16 14:59:00'),
(357, 179, 27, 14, 153, '2026-04-15 16:53:00'),
(358, 179, 29, 23, 176, '2026-04-16 17:06:00'),
(359, 180, 30, 19, 170, '2026-04-15 07:00:00'),
(360, 180, 32, 28, 193, '2026-04-16 08:13:00'),
(361, 181, 33, 24, 187, '2026-04-15 10:07:00'),
(362, 181, 35, 33, 210, '2026-04-16 11:20:00'),
(363, 182, 36, 29, 204, '2026-04-15 13:14:00'),
(364, 182, 38, 38, 227, '2026-04-16 14:27:00'),
(365, 183, 39, 34, 221, '2026-04-15 16:21:00'),
(366, 183, 41, 43, 244, '2026-04-16 17:34:00'),
(367, 184, 42, 39, 238, '2026-04-15 07:28:00'),
(368, 184, 44, 48, 261, '2026-04-16 08:41:00'),
(369, 185, 45, 44, 255, '2026-04-15 10:35:00'),
(370, 185, 47, 53, 278, '2026-04-16 11:48:00'),
(371, 186, 48, 49, 272, '2026-04-15 13:42:00'),
(372, 186, 50, 58, 295, '2026-04-16 14:55:00'),
(373, 187, 18, 54, 289, '2026-04-15 16:49:00'),
(374, 187, 20, 63, 312, '2026-04-16 17:02:00'),
(375, 188, 21, 59, 306, '2026-04-15 07:56:00'),
(376, 188, 23, 68, 329, '2026-04-16 08:09:00'),
(377, 189, 24, 64, 323, '2026-04-15 10:03:00'),
(378, 189, 26, 73, 346, '2026-04-16 11:16:00'),
(379, 190, 27, 69, 340, '2026-04-15 13:10:00'),
(380, 190, 29, 78, 363, '2026-04-16 14:23:00');

-- traffic_signal (190 rows)
INSERT INTO traffic_signal (signal_id, intersection_id, approach_direction, power_source, signal_type, timing_mode, warranty_information) OVERRIDING SYSTEM VALUE VALUES
(1, 1, 'north', 'grid', 'LED', 'fixed', 'Installed under signal modernization contract; warranty valid through 2027'),
(2, 1, 'south', 'grid', 'pedestrian', 'adaptive', 'Installed under signal modernization contract; warranty valid through 2028'),
(3, 1, 'east', 'grid', 'incandescent', 'emergency', 'Installed under signal modernization contract; warranty valid through 2029'),
(4, 1, 'west', 'grid', 'LED', 'adaptive', 'Installed under signal modernization contract; warranty valid through 2026'),
(5, 2, 'north', 'grid', 'LED', 'fixed', 'Installed under signal modernization contract; warranty valid through 2027'),
(6, 2, 'south', 'solar', 'pedestrian', 'adaptive', 'Installed under signal modernization contract; warranty valid through 2028'),
(7, 2, 'east', 'grid', 'incandescent', 'emergency', 'Installed under signal modernization contract; warranty valid through 2029'),
(8, 2, 'west', 'grid', 'LED', 'adaptive', 'Installed under signal modernization contract; warranty valid through 2026'),
(9, 3, 'north', 'grid', 'LED', 'fixed', 'Installed under signal modernization contract; warranty valid through 2027'),
(10, 3, 'south', 'grid', 'pedestrian', 'adaptive', 'Installed under signal modernization contract; warranty valid through 2028'),
(11, 3, 'east', 'grid', 'incandescent', 'emergency', 'Installed under signal modernization contract; warranty valid through 2029'),
(12, 3, 'west', 'solar', 'LED', 'adaptive', 'Installed under signal modernization contract; warranty valid through 2026'),
(13, 4, 'north', 'grid', 'LED', 'fixed', 'Installed under signal modernization contract; warranty valid through 2027'),
(14, 4, 'south', 'grid', 'pedestrian', 'adaptive', 'Installed under signal modernization contract; warranty valid through 2028'),
(15, 4, 'east', 'grid', 'incandescent', 'emergency', 'Installed under signal modernization contract; warranty valid through 2029'),
(16, 4, 'west', 'grid', 'LED', 'adaptive', 'Installed under signal modernization contract; warranty valid through 2026'),
(17, 5, 'north', 'grid', 'LED', 'fixed', 'Installed under signal modernization contract; warranty valid through 2027'),
(18, 5, 'south', 'solar', 'pedestrian', 'adaptive', 'Installed under signal modernization contract; warranty valid through 2028'),
(19, 5, 'east', 'grid', 'incandescent', 'emergency', 'Installed under signal modernization contract; warranty valid through 2029'),
(20, 5, 'west', 'grid', 'LED', 'adaptive', 'Installed under signal modernization contract; warranty valid through 2026'),
(21, 7, 'north', 'grid', 'LED', 'fixed', 'Installed under signal modernization contract; warranty valid through 2027'),
(22, 7, 'south', 'grid', 'pedestrian', 'adaptive', 'Installed under signal modernization contract; warranty valid through 2028'),
(23, 7, 'east', 'grid', 'incandescent', 'emergency', 'Installed under signal modernization contract; warranty valid through 2029'),
(24, 7, 'west', 'solar', 'LED', 'adaptive', 'Installed under signal modernization contract; warranty valid through 2026'),
(28, 9, 'north', 'grid', 'LED', 'adaptive', 'Installed under signal modernization contract; warranty valid through 2026'),
(29, 9, 'south', 'grid', 'LED', 'fixed', 'Installed under signal modernization contract; warranty valid through 2027'),
(30, 9, 'west', 'solar', 'pedestrian', 'adaptive', 'Installed under signal modernization contract; warranty valid through 2028'),
(31, 10, 'north', 'grid', 'incandescent', 'emergency', 'Installed under signal modernization contract; warranty valid through 2029'),
(32, 10, 'south', 'grid', 'LED', 'adaptive', 'Installed under signal modernization contract; warranty valid through 2026'),
(33, 10, 'east', 'grid', 'LED', 'fixed', 'Installed under signal modernization contract; warranty valid through 2027'),
(34, 10, 'west', 'grid', 'pedestrian', 'adaptive', 'Installed under signal modernization contract; warranty valid through 2028'),
(35, 11, 'north', 'grid', 'incandescent', 'emergency', 'Installed under signal modernization contract; warranty valid through 2029'),
(36, 11, 'south', 'solar', 'LED', 'adaptive', 'Installed under signal modernization contract; warranty valid through 2026'),
(37, 11, 'east', 'grid', 'LED', 'fixed', 'Installed under signal modernization contract; warranty valid through 2027'),
(38, 11, 'west', 'grid', 'pedestrian', 'adaptive', 'Installed under signal modernization contract; warranty valid through 2028'),
(39, 12, 'north', 'grid', 'incandescent', 'emergency', 'Installed under signal modernization contract; warranty valid through 2029'),
(40, 12, 'south', 'grid', 'LED', 'adaptive', 'Installed under signal modernization contract; warranty valid through 2026'),
(41, 12, 'east', 'grid', 'LED', 'fixed', 'Installed under signal modernization contract; warranty valid through 2027'),
(42, 12, 'west', 'solar', 'pedestrian', 'adaptive', 'Installed under signal modernization contract; warranty valid through 2028'),
(43, 13, 'north', 'grid', 'incandescent', 'emergency', 'Installed under signal modernization contract; warranty valid through 2029'),
(44, 13, 'south', 'grid', 'LED', 'adaptive', 'Installed under signal modernization contract; warranty valid through 2026'),
(45, 13, 'east', 'grid', 'LED', 'fixed', 'Installed under signal modernization contract; warranty valid through 2027'),
(46, 13, 'west', 'grid', 'pedestrian', 'adaptive', 'Installed under signal modernization contract; warranty valid through 2028'),
(47, 14, 'north', 'grid', 'incandescent', 'emergency', 'Installed under signal modernization contract; warranty valid through 2029'),
(48, 14, 'south', 'solar', 'LED', 'adaptive', 'Installed under signal modernization contract; warranty valid through 2026'),
(49, 14, 'east', 'grid', 'LED', 'fixed', 'Installed under signal modernization contract; warranty valid through 2027'),
(50, 14, 'west', 'grid', 'pedestrian', 'adaptive', 'Installed under signal modernization contract; warranty valid through 2028'),
(51, 16, 'north', 'grid', 'incandescent', 'emergency', 'Installed under signal modernization contract; warranty valid through 2029'),
(52, 16, 'south', 'grid', 'LED', 'adaptive', 'Installed under signal modernization contract; warranty valid through 2026'),
(53, 16, 'east', 'grid', 'LED', 'fixed', 'Installed under signal modernization contract; warranty valid through 2027'),
(54, 16, 'west', 'solar', 'pedestrian', 'adaptive', 'Installed under signal modernization contract; warranty valid through 2028'),
(55, 17, 'north', 'grid', 'incandescent', 'emergency', 'Installed under signal modernization contract; warranty valid through 2029'),
(56, 17, 'south', 'grid', 'LED', 'adaptive', 'Installed under signal modernization contract; warranty valid through 2026'),
(57, 17, 'east', 'grid', 'LED', 'fixed', 'Installed under signal modernization contract; warranty valid through 2027'),
(58, 17, 'west', 'grid', 'pedestrian', 'adaptive', 'Installed under signal modernization contract; warranty valid through 2028'),
(65, 20, 'north', 'grid', 'LED', 'fixed', 'Installed under signal modernization contract; warranty valid through 2027'),
(66, 20, 'south', 'solar', 'pedestrian', 'adaptive', 'Installed under signal modernization contract; warranty valid through 2028'),
(67, 20, 'east', 'grid', 'incandescent', 'emergency', 'Installed under signal modernization contract; warranty valid through 2029'),
(68, 20, 'west', 'grid', 'LED', 'adaptive', 'Installed under signal modernization contract; warranty valid through 2026'),
(69, 21, 'north', 'grid', 'LED', 'fixed', 'Installed under signal modernization contract; warranty valid through 2027'),
(70, 21, 'south', 'grid', 'pedestrian', 'adaptive', 'Installed under signal modernization contract; warranty valid through 2028'),
(71, 21, 'east', 'grid', 'incandescent', 'emergency', 'Installed under signal modernization contract; warranty valid through 2029'),
(72, 21, 'west', 'solar', 'LED', 'adaptive', 'Installed under signal modernization contract; warranty valid through 2026'),
(73, 22, 'north', 'grid', 'LED', 'fixed', 'Installed under signal modernization contract; warranty valid through 2027'),
(74, 22, 'south', 'grid', 'pedestrian', 'adaptive', 'Installed under signal modernization contract; warranty valid through 2028'),
(75, 22, 'east', 'grid', 'incandescent', 'emergency', 'Installed under signal modernization contract; warranty valid through 2029'),
(76, 22, 'west', 'grid', 'LED', 'adaptive', 'Installed under signal modernization contract; warranty valid through 2026'),
(77, 23, 'north', 'grid', 'LED', 'fixed', 'Installed under signal modernization contract; warranty valid through 2027'),
(78, 23, 'south', 'solar', 'pedestrian', 'adaptive', 'Installed under signal modernization contract; warranty valid through 2028'),
(79, 23, 'east', 'grid', 'incandescent', 'emergency', 'Installed under signal modernization contract; warranty valid through 2029'),
(80, 23, 'west', 'grid', 'LED', 'adaptive', 'Installed under signal modernization contract; warranty valid through 2026'),
(81, 25, 'north', 'grid', 'LED', 'fixed', 'Installed under signal modernization contract; warranty valid through 2027'),
(82, 25, 'south', 'grid', 'pedestrian', 'adaptive', 'Installed under signal modernization contract; warranty valid through 2028'),
(83, 25, 'east', 'grid', 'incandescent', 'emergency', 'Installed under signal modernization contract; warranty valid through 2029'),
(84, 25, 'west', 'solar', 'LED', 'adaptive', 'Installed under signal modernization contract; warranty valid through 2026'),
(85, 26, 'north', 'grid', 'LED', 'fixed', 'Installed under signal modernization contract; warranty valid through 2027'),
(86, 26, 'south', 'grid', 'pedestrian', 'adaptive', 'Installed under signal modernization contract; warranty valid through 2028'),
(87, 26, 'east', 'grid', 'incandescent', 'emergency', 'Installed under signal modernization contract; warranty valid through 2029'),
(88, 26, 'west', 'grid', 'LED', 'adaptive', 'Installed under signal modernization contract; warranty valid through 2026'),
(89, 27, 'north', 'grid', 'LED', 'fixed', 'Installed under signal modernization contract; warranty valid through 2027'),
(90, 27, 'south', 'solar', 'pedestrian', 'adaptive', 'Installed under signal modernization contract; warranty valid through 2028'),
(91, 27, 'east', 'grid', 'incandescent', 'emergency', 'Installed under signal modernization contract; warranty valid through 2029'),
(92, 27, 'west', 'grid', 'LED', 'adaptive', 'Installed under signal modernization contract; warranty valid through 2026'),
(99, 30, 'north', 'grid', 'incandescent', 'emergency', 'Installed under signal modernization contract; warranty valid through 2029'),
(100, 30, 'south', 'grid', 'LED', 'adaptive', 'Installed under signal modernization contract; warranty valid through 2026'),
(101, 30, 'east', 'grid', 'LED', 'fixed', 'Installed under signal modernization contract; warranty valid through 2027'),
(102, 30, 'west', 'solar', 'pedestrian', 'adaptive', 'Installed under signal modernization contract; warranty valid through 2028'),
(103, 31, 'north', 'grid', 'incandescent', 'emergency', 'Installed under signal modernization contract; warranty valid through 2029'),
(104, 31, 'south', 'grid', 'LED', 'adaptive', 'Installed under signal modernization contract; warranty valid through 2026'),
(105, 31, 'east', 'grid', 'LED', 'fixed', 'Installed under signal modernization contract; warranty valid through 2027'),
(106, 31, 'west', 'grid', 'pedestrian', 'adaptive', 'Installed under signal modernization contract; warranty valid through 2028'),
(107, 32, 'north', 'grid', 'incandescent', 'emergency', 'Installed under signal modernization contract; warranty valid through 2029'),
(108, 32, 'south', 'solar', 'LED', 'adaptive', 'Installed under signal modernization contract; warranty valid through 2026'),
(109, 32, 'east', 'grid', 'LED', 'fixed', 'Installed under signal modernization contract; warranty valid through 2027'),
(110, 32, 'west', 'grid', 'pedestrian', 'adaptive', 'Installed under signal modernization contract; warranty valid through 2028'),
(111, 34, 'north', 'grid', 'incandescent', 'emergency', 'Installed under signal modernization contract; warranty valid through 2029'),
(112, 34, 'south', 'grid', 'LED', 'adaptive', 'Installed under signal modernization contract; warranty valid through 2026'),
(113, 34, 'east', 'grid', 'LED', 'fixed', 'Installed under signal modernization contract; warranty valid through 2027'),
(114, 34, 'west', 'solar', 'pedestrian', 'adaptive', 'Installed under signal modernization contract; warranty valid through 2028'),
(115, 35, 'north', 'grid', 'incandescent', 'emergency', 'Installed under signal modernization contract; warranty valid through 2029'),
(116, 35, 'south', 'grid', 'LED', 'adaptive', 'Installed under signal modernization contract; warranty valid through 2026'),
(117, 35, 'east', 'grid', 'LED', 'fixed', 'Installed under signal modernization contract; warranty valid through 2027'),
(118, 35, 'west', 'grid', 'pedestrian', 'adaptive', 'Installed under signal modernization contract; warranty valid through 2028'),
(119, 36, 'north', 'grid', 'incandescent', 'emergency', 'Installed under signal modernization contract; warranty valid through 2029'),
(120, 36, 'south', 'solar', 'LED', 'adaptive', 'Installed under signal modernization contract; warranty valid through 2026'),
(121, 36, 'east', 'grid', 'LED', 'fixed', 'Installed under signal modernization contract; warranty valid through 2027'),
(122, 36, 'west', 'grid', 'pedestrian', 'adaptive', 'Installed under signal modernization contract; warranty valid through 2028'),
(123, 37, 'north', 'grid', 'incandescent', 'emergency', 'Installed under signal modernization contract; warranty valid through 2029'),
(124, 37, 'south', 'grid', 'LED', 'adaptive', 'Installed under signal modernization contract; warranty valid through 2026'),
(125, 37, 'east', 'grid', 'LED', 'fixed', 'Installed under signal modernization contract; warranty valid through 2027'),
(126, 37, 'west', 'solar', 'pedestrian', 'adaptive', 'Installed under signal modernization contract; warranty valid through 2028'),
(127, 38, 'south', 'grid', 'incandescent', 'emergency', 'Installed under signal modernization contract; warranty valid through 2029'),
(128, 38, 'east', 'grid', 'LED', 'adaptive', 'Installed under signal modernization contract; warranty valid through 2026'),
(129, 38, 'west', 'grid', 'LED', 'fixed', 'Installed under signal modernization contract; warranty valid through 2027'),
(130, 39, 'north', 'grid', 'pedestrian', 'adaptive', 'Installed under signal modernization contract; warranty valid through 2028'),
(131, 39, 'east', 'grid', 'incandescent', 'emergency', 'Installed under signal modernization contract; warranty valid through 2029'),
(132, 39, 'west', 'solar', 'LED', 'adaptive', 'Installed under signal modernization contract; warranty valid through 2026'),
(133, 40, 'north', 'grid', 'LED', 'fixed', 'Installed under signal modernization contract; warranty valid through 2027'),
(134, 40, 'south', 'grid', 'pedestrian', 'adaptive', 'Installed under signal modernization contract; warranty valid through 2028'),
(135, 40, 'east', 'grid', 'incandescent', 'emergency', 'Installed under signal modernization contract; warranty valid through 2029'),
(136, 40, 'west', 'grid', 'LED', 'adaptive', 'Installed under signal modernization contract; warranty valid through 2026'),
(137, 41, 'north', 'grid', 'LED', 'fixed', 'Installed under signal modernization contract; warranty valid through 2027'),
(138, 41, 'south', 'solar', 'pedestrian', 'adaptive', 'Installed under signal modernization contract; warranty valid through 2028'),
(139, 41, 'east', 'grid', 'incandescent', 'emergency', 'Installed under signal modernization contract; warranty valid through 2029'),
(140, 41, 'west', 'grid', 'LED', 'adaptive', 'Installed under signal modernization contract; warranty valid through 2026'),
(141, 43, 'north', 'grid', 'LED', 'fixed', 'Installed under signal modernization contract; warranty valid through 2027'),
(142, 43, 'south', 'grid', 'pedestrian', 'adaptive', 'Installed under signal modernization contract; warranty valid through 2028'),
(143, 43, 'east', 'grid', 'incandescent', 'emergency', 'Installed under signal modernization contract; warranty valid through 2029'),
(144, 43, 'west', 'solar', 'LED', 'adaptive', 'Installed under signal modernization contract; warranty valid through 2026'),
(145, 44, 'north', 'grid', 'LED', 'fixed', 'Installed under signal modernization contract; warranty valid through 2027'),
(146, 44, 'south', 'grid', 'pedestrian', 'adaptive', 'Installed under signal modernization contract; warranty valid through 2028'),
(147, 44, 'east', 'grid', 'incandescent', 'emergency', 'Installed under signal modernization contract; warranty valid through 2029'),
(148, 44, 'west', 'grid', 'LED', 'adaptive', 'Installed under signal modernization contract; warranty valid through 2026'),
(149, 45, 'north', 'grid', 'LED', 'fixed', 'Installed under signal modernization contract; warranty valid through 2027'),
(150, 45, 'south', 'solar', 'pedestrian', 'adaptive', 'Installed under signal modernization contract; warranty valid through 2028'),
(151, 45, 'east', 'grid', 'incandescent', 'emergency', 'Installed under signal modernization contract; warranty valid through 2029'),
(152, 45, 'west', 'grid', 'LED', 'adaptive', 'Installed under signal modernization contract; warranty valid through 2026'),
(153, 46, 'north', 'grid', 'LED', 'fixed', 'Installed under signal modernization contract; warranty valid through 2027'),
(154, 46, 'south', 'grid', 'pedestrian', 'adaptive', 'Installed under signal modernization contract; warranty valid through 2028'),
(155, 46, 'east', 'grid', 'incandescent', 'emergency', 'Installed under signal modernization contract; warranty valid through 2029'),
(156, 46, 'west', 'solar', 'LED', 'adaptive', 'Installed under signal modernization contract; warranty valid through 2026'),
(157, 47, 'north', 'grid', 'LED', 'fixed', 'Installed under signal modernization contract; warranty valid through 2027'),
(158, 47, 'south', 'grid', 'pedestrian', 'adaptive', 'Installed under signal modernization contract; warranty valid through 2028'),
(159, 47, 'east', 'grid', 'incandescent', 'emergency', 'Installed under signal modernization contract; warranty valid through 2029'),
(160, 47, 'west', 'grid', 'LED', 'adaptive', 'Installed under signal modernization contract; warranty valid through 2026'),
(161, 48, 'north', 'grid', 'LED', 'fixed', 'Installed under signal modernization contract; warranty valid through 2027'),
(162, 48, 'south', 'solar', 'pedestrian', 'adaptive', 'Installed under signal modernization contract; warranty valid through 2028'),
(163, 48, 'east', 'grid', 'incandescent', 'emergency', 'Installed under signal modernization contract; warranty valid through 2029'),
(164, 49, 'north', 'grid', 'LED', 'adaptive', 'Installed under signal modernization contract; warranty valid through 2026'),
(165, 49, 'south', 'grid', 'LED', 'fixed', 'Installed under signal modernization contract; warranty valid through 2027'),
(166, 49, 'west', 'grid', 'pedestrian', 'adaptive', 'Installed under signal modernization contract; warranty valid through 2028'),
(167, 50, 'north', 'grid', 'incandescent', 'emergency', 'Installed under signal modernization contract; warranty valid through 2029'),
(168, 50, 'south', 'solar', 'LED', 'adaptive', 'Installed under signal modernization contract; warranty valid through 2026'),
(169, 50, 'east', 'grid', 'LED', 'fixed', 'Installed under signal modernization contract; warranty valid through 2027'),
(170, 50, 'west', 'grid', 'pedestrian', 'adaptive', 'Installed under signal modernization contract; warranty valid through 2028'),
(171, 52, 'north', 'grid', 'incandescent', 'emergency', 'Installed under signal modernization contract; warranty valid through 2029'),
(172, 52, 'south', 'grid', 'LED', 'adaptive', 'Installed under signal modernization contract; warranty valid through 2026'),
(173, 52, 'east', 'grid', 'LED', 'fixed', 'Installed under signal modernization contract; warranty valid through 2027'),
(174, 52, 'west', 'solar', 'pedestrian', 'adaptive', 'Installed under signal modernization contract; warranty valid through 2028'),
(175, 53, 'north', 'grid', 'incandescent', 'emergency', 'Installed under signal modernization contract; warranty valid through 2029'),
(176, 53, 'south', 'grid', 'LED', 'adaptive', 'Installed under signal modernization contract; warranty valid through 2026'),
(177, 53, 'east', 'grid', 'LED', 'fixed', 'Installed under signal modernization contract; warranty valid through 2027'),
(178, 53, 'west', 'grid', 'pedestrian', 'adaptive', 'Installed under signal modernization contract; warranty valid through 2028'),
(179, 54, 'north', 'grid', 'incandescent', 'emergency', 'Installed under signal modernization contract; warranty valid through 2029'),
(180, 54, 'south', 'solar', 'LED', 'adaptive', 'Installed under signal modernization contract; warranty valid through 2026'),
(181, 54, 'east', 'grid', 'LED', 'fixed', 'Installed under signal modernization contract; warranty valid through 2027'),
(182, 54, 'west', 'grid', 'pedestrian', 'adaptive', 'Installed under signal modernization contract; warranty valid through 2028'),
(183, 55, 'north', 'grid', 'incandescent', 'emergency', 'Installed under signal modernization contract; warranty valid through 2029'),
(184, 55, 'south', 'grid', 'LED', 'adaptive', 'Installed under signal modernization contract; warranty valid through 2026'),
(185, 55, 'east', 'grid', 'LED', 'fixed', 'Installed under signal modernization contract; warranty valid through 2027'),
(186, 55, 'west', 'solar', 'pedestrian', 'adaptive', 'Installed under signal modernization contract; warranty valid through 2028'),
(187, 56, 'north', 'grid', 'incandescent', 'emergency', 'Installed under signal modernization contract; warranty valid through 2029'),
(188, 56, 'south', 'grid', 'LED', 'adaptive', 'Installed under signal modernization contract; warranty valid through 2026'),
(189, 56, 'east', 'grid', 'LED', 'fixed', 'Installed under signal modernization contract; warranty valid through 2027'),
(190, 56, 'west', 'grid', 'pedestrian', 'adaptive', 'Installed under signal modernization contract; warranty valid through 2028'),
(191, 6, 'north', 'grid', 'pedestrian', 'adaptive', 'Roundabout entry signal package installed in 2024; warranty valid through 2029'),
(192, 6, 'south', 'solar', 'LED', 'fixed', 'Roundabout entry signal package installed in 2024; warranty valid through 2030'),
(193, 15, 'east', 'grid', 'pedestrian', 'adaptive', 'Roundabout entry signal package installed in 2023; warranty valid through 2028'),
(194, 15, 'west', 'grid', 'LED', 'fixed', 'Roundabout entry signal package installed in 2023; warranty valid through 2029'),
(195, 24, 'north', 'grid', 'pedestrian', 'adaptive', 'Roundabout entry signal package installed in 2022; warranty valid through 2027'),
(196, 24, 'south', 'solar', 'LED', 'fixed', 'Roundabout entry signal package installed in 2022; warranty valid through 2028'),
(197, 33, 'east', 'grid', 'pedestrian', 'adaptive', 'Roundabout entry signal package installed in 2021; warranty valid through 2026'),
(198, 33, 'west', 'grid', 'LED', 'emergency', 'Roundabout entry signal package installed in 2021; warranty valid through 2027'),
(199, 42, 'north', 'grid', 'pedestrian', 'adaptive', 'Roundabout entry signal package installed in 2020; warranty valid through 2026'),
(200, 42, 'south', 'solar', 'LED', 'fixed', 'Roundabout entry signal package installed in 2020; warranty valid through 2027'),
(201, 51, 'east', 'grid', 'pedestrian', 'adaptive', 'Roundabout entry signal package installed in 2019; warranty valid through 2025'),
(202, 51, 'west', 'grid', 'LED', 'emergency', 'Roundabout entry signal package installed in 2019; warranty valid through 2026'),
(203, 6, 'east', 'grid', 'LED', 'emergency', 'Roundabout entry signal package expansion installed in 2025; warranty valid through 2030'),
(204, 24, 'west', 'grid', 'pedestrian', 'fixed', 'Roundabout entry signal package expansion installed in 2024; warranty valid through 2029'),
(205, 42, 'east', 'grid', 'LED', 'adaptive', 'Roundabout entry signal package expansion installed in 2023; warranty valid through 2028');

-- maintenance_crew (11 rows)
INSERT INTO maintenance_crew (crew_id, supervisor, specialization, certification_level, available) OVERRIDING SYSTEM VALUE VALUES
(1, 'Alicia Gomez', 'electrical', 'Level III', TRUE),
(2, 'Marcus Reed', 'mechanical', 'Level II', TRUE),
(3, 'Priya Nair', 'civil', 'Level II', FALSE),
(4, 'Daniel Brooks', 'software', 'Level III', TRUE),
(5, 'Erin Walsh', 'electrical', 'Level I', TRUE),
(6, 'Jamal Carter', 'civil', 'Level II', TRUE),
(7, 'Sofia Morales', 'mechanical', 'Level III', TRUE),
(8, 'Henry Kim', 'software', 'Level II', FALSE),
(9, 'Lauren Price', 'electrical', 'Level I', TRUE),
(10, 'Victor Alvarez', 'civil', 'Level III', TRUE),
(11, 'Nina Patel', 'mechanical', 'Level II', TRUE);

-- road_segment (55 rows)
INSERT INTO road_segment (segment_id, street_name, has_sidewalk, has_bike_lane, grade, length, surface_type, speed_limit, lane_width, number_of_lanes, from_intersection_id, to_intersection_id) OVERRIDING SYSTEM VALUE VALUES
(1, 'K St NW', TRUE, FALSE, -1.5, 0.21, 'concrete', 25, 10.5, 2, 1, 2),
(2, 'K St NW', TRUE, FALSE, -0.9, 0.24, 'asphalt', 25, 11, 2, 2, 3),
(3, 'K St NW', TRUE, FALSE, -0.3, 0.27, 'asphalt', 25, 11.5, 2, 3, 4),
(4, 'K St NW', TRUE, FALSE, 0.3, 0.3, 'asphalt', 25, 10.5, 2, 4, 5),
(5, 'K St NW', TRUE, FALSE, 0.9, 0.21, 'concrete', 25, 11, 2, 5, 6),
(6, 'K St NW', TRUE, FALSE, 1.5, 0.24, 'asphalt', 25, 11.5, 2, 6, 7),
(7, 'K St NW', TRUE, FALSE, 2.1, 0.27, 'asphalt', 25, 10.5, 2, 7, 8),
(8, 'I St NW', TRUE, TRUE, -0.9, 0.21, 'asphalt', 30, 10.5, 4, 9, 10),
(9, 'I St NW', TRUE, TRUE, -0.3, 0.24, 'asphalt', 30, 11, 4, 10, 11),
(10, 'I St NW', TRUE, TRUE, 0.3, 0.27, 'asphalt', 30, 11.5, 4, 11, 12),
(11, 'I St NW', TRUE, TRUE, 0.9, 0.3, 'concrete', 30, 10.5, 4, 12, 13),
(12, 'I St NW', TRUE, TRUE, 1.5, 0.21, 'asphalt', 30, 11, 4, 13, 14),
(13, 'I St NW', TRUE, TRUE, 2.1, 0.24, 'asphalt', 30, 11.5, 4, 14, 15),
(14, 'I St NW', TRUE, TRUE, -1.5, 0.27, 'asphalt', 30, 10.5, 4, 15, 16),
(15, 'H St NW', TRUE, TRUE, -0.3, 0.21, 'asphalt', 30, 10.5, 4, 17, 18),
(16, 'H St NW', TRUE, TRUE, 0.3, 0.24, 'asphalt', 30, 11, 4, 18, 19),
(17, 'H St NW', TRUE, TRUE, 0.9, 0.27, 'concrete', 30, 11.5, 4, 19, 20),
(18, 'H St NW', TRUE, TRUE, 1.5, 0.3, 'asphalt', 30, 10.5, 4, 20, 21),
(19, 'H St NW', TRUE, TRUE, 2.1, 0.21, 'asphalt', 30, 11, 4, 21, 22),
(20, 'H St NW', TRUE, TRUE, -1.5, 0.24, 'asphalt', 30, 11.5, 4, 22, 23),
(21, 'H St NW', TRUE, TRUE, -0.9, 0.27, 'concrete', 30, 10.5, 4, 23, 24),
(22, 'G St NW', TRUE, FALSE, 0.3, 0.21, 'asphalt', 35, 10.5, 6, 25, 26),
(23, 'G St NW', TRUE, FALSE, 0.9, 0.24, 'concrete', 35, 11, 6, 26, 27),
(24, 'G St NW', TRUE, FALSE, 1.5, 0.27, 'asphalt', 35, 11.5, 6, 27, 28),
(25, 'G St NW', TRUE, FALSE, 2.1, 0.3, 'asphalt', 35, 10.5, 6, 28, 29),
(26, 'G St NW', TRUE, FALSE, -1.5, 0.21, 'asphalt', 35, 11, 6, 29, 30),
(27, 'G St NW', TRUE, FALSE, -0.9, 0.24, 'concrete', 35, 11.5, 6, 30, 31),
(28, 'G St NW', TRUE, FALSE, -0.3, 0.27, 'asphalt', 35, 10.5, 6, 31, 32),
(29, 'F St NW', TRUE, TRUE, 0.9, 0.21, 'concrete', 30, 10.5, 4, 33, 34),
(30, 'F St NW', TRUE, TRUE, 1.5, 0.24, 'asphalt', 30, 11, 4, 34, 35),
(31, 'F St NW', TRUE, TRUE, 2.1, 0.27, 'asphalt', 30, 11.5, 4, 35, 36),
(32, 'F St NW', TRUE, TRUE, -1.5, 0.3, 'asphalt', 30, 10.5, 4, 36, 37),
(33, 'F St NW', TRUE, TRUE, -0.9, 0.21, 'concrete', 30, 11, 4, 37, 38),
(34, 'F St NW', TRUE, TRUE, -0.3, 0.24, 'asphalt', 30, 11.5, 4, 38, 39),
(35, 'F St NW', TRUE, TRUE, 0.3, 0.27, 'asphalt', 30, 10.5, 4, 39, 40),
(36, 'E St NW', TRUE, FALSE, 1.5, 0.21, 'asphalt', 25, 10.5, 2, 41, 42),
(37, 'E St NW', TRUE, FALSE, 2.1, 0.24, 'asphalt', 25, 11, 2, 42, 43),
(38, 'E St NW', TRUE, FALSE, -1.5, 0.27, 'asphalt', 25, 11.5, 2, 43, 44),
(39, 'E St NW', TRUE, FALSE, -0.9, 0.3, 'concrete', 25, 10.5, 2, 44, 45),
(40, 'E St NW', TRUE, FALSE, -0.3, 0.21, 'asphalt', 25, 11, 2, 45, 46),
(41, 'E St NW', TRUE, FALSE, 0.3, 0.24, 'asphalt', 25, 11.5, 2, 46, 47),
(42, 'E St NW', TRUE, FALSE, 0.9, 0.27, 'asphalt', 25, 10.5, 2, 47, 48),
(43, 'D St NW', TRUE, FALSE, 2.1, 0.21, 'asphalt', 25, 10.5, 2, 49, 50),
(44, 'D St NW', TRUE, FALSE, -1.5, 0.24, 'asphalt', 25, 11, 2, 50, 51),
(45, 'D St NW', TRUE, FALSE, -0.9, 0.27, 'concrete', 25, 11.5, 2, 51, 52),
(46, 'D St NW', TRUE, FALSE, -0.3, 0.3, 'asphalt', 25, 10.5, 2, 52, 53),
(47, 'D St NW', TRUE, FALSE, 0.3, 0.21, 'asphalt', 25, 11, 2, 53, 54),
(48, 'D St NW', TRUE, FALSE, 0.9, 0.24, 'asphalt', 25, 11.5, 2, 54, 55),
(49, 'D St NW', TRUE, FALSE, 1.5, 0.27, 'concrete', 25, 10.5, 2, 55, 56),
(50, '20th St NW', TRUE, FALSE, -0.8, 0.24, 'asphalt', 30, 11, 4, 4, 12),
(51, '20th St NW', TRUE, TRUE, -0.3, 0.26, 'concrete', 30, 11, 6, 12, 20),
(52, '20th St NW', TRUE, FALSE, 0.2, 0.28, 'asphalt', 30, 11, 4, 20, 28),
(53, '20th St NW', TRUE, FALSE, 0.7, 0.24, 'asphalt', 35, 11, 6, 28, 36),
(54, '20th St NW', TRUE, TRUE, 1.2, 0.26, 'concrete', 35, 11, 4, 36, 44),
(55, '20th St NW', TRUE, FALSE, 1.7, 0.28, 'asphalt', 35, 11, 6, 44, 52);

-- weather_station (6 rows)
INSERT INTO weather_station (weather_station_id, intersection_id, operational_status, data_transmission_frequency_seconds) OVERRIDING SYSTEM VALUE VALUES
(1, 4, 'active', 300),
(2, 12, 'active', 300),
(3, 20, 'maintenance', 600),
(4, 29, 'active', 300),
(5, 37, 'offline', 900),
(6, 45, 'active', 300);

-- weather_station_capability (18 rows)
INSERT INTO weather_station_capability (weather_station_id, capability) VALUES
(1, 'temperature'),
(1, 'humidity'),
(1, 'precipitation'),
(2, 'temperature'),
(2, 'wind'),
(2, 'visibility'),
(3, 'humidity'),
(3, 'precipitation'),
(3, 'visibility'),
(4, 'temperature'),
(4, 'humidity'),
(4, 'wind'),
(5, 'wind'),
(5, 'visibility'),
(5, 'precipitation'),
(6, 'temperature'),
(6, 'humidity'),
(6, 'visibility');

-- weather_reading (24 rows)
INSERT INTO weather_reading (reading_id, weather_station_id, reading_timestamp, temperature, humidity, precipitation, wind_speed, visibility) OVERRIDING SYSTEM VALUE VALUES
(1, 1, '2026-04-16 06:07:00', 49.5, 46, 0, 7.3, 9.35),
(2, 1, '2026-04-16 10:16:00', 52.7, 51, 0, 8.1, 9.35),
(3, 1, '2026-04-16 14:25:00', 55.9, 56, 0.12, 8.9, 8.95),
(4, 1, '2026-04-16 18:34:00', 59.1, 61, 0, 9.7, 9.35),
(5, 2, '2026-04-16 06:14:00', 51, 50, 0, 8.6, 9.2),
(6, 2, '2026-04-16 10:23:00', 54.2, 55, 0, 9.4, 9.2),
(7, 2, '2026-04-16 14:32:00', 57.4, 60, 0.24, 10.2, 8.8),
(8, 2, '2026-04-16 18:41:00', 60.6, 65, 0, 11, 9.2),
(9, 3, '2026-04-16 06:21:00', 52.5, 54, 0, 9.9, 9.05),
(10, 3, '2026-04-16 10:30:00', 55.7, 59, 0, 10.7, 9.05),
(11, 3, '2026-04-16 14:39:00', 58.9, 64, 0.36, 11.5, 8.65),
(12, 3, '2026-04-16 18:48:00', 62.1, 69, 0, 12.3, 9.05),
(13, 4, '2026-04-16 06:28:00', 54, 58, 0, 11.2, 8.9),
(14, 4, '2026-04-16 10:37:00', 57.2, 63, 0, 12, 8.9),
(15, 4, '2026-04-16 14:46:00', 60.4, 68, 0.48, 12.8, 8.5),
(16, 4, '2026-04-16 18:55:00', 63.6, 73, 0, 13.6, 8.9),
(17, 5, '2026-04-16 06:35:00', 55.5, 62, 0, 12.5, 8.75),
(18, 5, '2026-04-16 10:44:00', 58.7, 67, 0, 13.3, 8.75),
(19, 5, '2026-04-16 14:53:00', 61.9, 72, 0.6, 14.1, 8.35),
(20, 5, '2026-04-16 18:02:00', 65.1, 77, 0, 14.9, 8.75),
(21, 6, '2026-04-16 06:42:00', 57, 66, 0, 13.8, 8.6),
(22, 6, '2026-04-16 10:51:00', 60.2, 71, 0, 14.6, 8.6),
(23, 6, '2026-04-16 14:00:00', 63.4, 76, 0.72, 15.4, 8.2),
(24, 6, '2026-04-16 18:09:00', 66.6, 81, 0, 16.2, 8.6);

-- incident (78 rows)
INSERT INTO incident (incident_number, incident_type, severity_level, reporting_source, reported_timestamp, verified_timestamp, resolved_timestamp, number_of_lanes_blocked, intersection_id, road_segment_id) OVERRIDING SYSTEM VALUE VALUES
(1, 'road_hazard', 'minor', 'officer', '2026-01-25 09:11:00', '2026-01-25 09:17:00', '2026-01-25 09:47:00', 1, 6, NULL),
(2, 'special_event', 'minor', 'camera', '2026-02-01 17:22:00', '2026-02-01 17:29:00', '2026-02-01 17:59:00', 1, NULL, 7),
(3, 'vehicle_breakdown', 'minor', 'sensor', '2026-02-08 19:33:00', '2026-02-08 19:41:00', '2026-02-08 20:11:00', 1, 16, NULL),
(4, 'construction', 'minor', 'public', '2026-02-15 08:44:00', '2026-02-15 08:53:00', '2026-02-15 09:23:00', 1, NULL, 13),
(5, 'accident', 'minor', 'officer', '2026-02-22 17:55:00', '2026-02-22 18:05:00', '2026-02-22 18:35:00', 1, 26, NULL),
(6, 'road_hazard', 'minor', 'camera', '2026-03-01 18:06:00', '2026-03-01 18:17:00', NULL, 1, NULL, 19),
(7, 'special_event', 'minor', 'sensor', '2026-03-08 08:17:00', '2026-03-08 08:29:00', NULL, 1, 36, NULL),
(8, 'vehicle_breakdown', 'minor', 'public', '2026-03-15 16:28:00', '2026-03-15 16:41:00', '2026-03-15 17:11:00', 1, NULL, 25),
(9, 'construction', 'minor', 'officer', '2026-03-22 18:39:00', '2026-03-22 18:53:00', '2026-03-22 19:23:00', 1, 46, NULL),
(10, 'accident', 'minor', 'camera', '2026-03-29 07:50:00', '2026-03-29 08:05:00', '2026-03-29 08:35:00', 1, NULL, 31),
(11, 'road_hazard', 'minor', 'sensor', '2026-04-05 09:01:00', '2026-04-05 09:17:00', '2026-04-05 09:47:00', 1, 56, NULL),
(12, 'special_event', 'minor', 'public', '2026-04-12 17:12:00', '2026-04-12 17:29:00', NULL, 1, NULL, 37),
(13, 'vehicle_breakdown', 'minor', 'officer', '2026-01-19 19:23:00', '2026-01-19 19:41:00', '2026-01-19 20:11:00', 1, 10, NULL),
(14, 'construction', 'minor', 'camera', '2026-01-26 08:34:00', '2026-01-26 08:53:00', '2026-01-26 09:23:00', 1, NULL, 43),
(15, 'accident', 'minor', 'sensor', '2026-02-02 17:45:00', '2026-02-02 18:05:00', '2026-02-02 18:35:00', 1, 20, NULL),
(16, 'road_hazard', 'minor', 'public', '2026-02-09 18:56:00', '2026-02-09 19:17:00', '2026-02-09 19:47:00', 1, NULL, 49),
(17, 'special_event', 'minor', 'officer', '2026-02-16 08:07:00', '2026-02-16 08:29:00', '2026-02-16 08:59:00', 1, 30, NULL),
(18, 'vehicle_breakdown', 'minor', 'camera', '2026-02-23 16:18:00', '2026-02-23 16:23:00', NULL, 1, NULL, 55),
(19, 'construction', 'minor', 'sensor', '2026-03-02 18:29:00', '2026-03-02 18:35:00', '2026-03-02 19:23:00', 1, 40, NULL),
(20, 'accident', 'minor', 'public', '2026-03-09 07:40:00', '2026-03-09 07:47:00', '2026-03-09 08:35:00', 1, NULL, 6),
(21, 'road_hazard', 'minor', 'officer', '2026-03-16 09:51:00', '2026-03-16 09:59:00', '2026-03-16 10:47:00', 1, 50, NULL),
(22, 'special_event', 'minor', 'camera', '2026-03-23 17:02:00', '2026-03-23 17:11:00', NULL, 1, NULL, 12),
(23, 'vehicle_breakdown', 'minor', 'sensor', '2026-03-30 19:13:00', '2026-03-30 19:23:00', '2026-03-30 20:11:00', 1, 4, NULL),
(24, 'construction', 'minor', 'public', '2026-04-06 08:24:00', '2026-04-06 08:35:00', NULL, 1, NULL, 18),
(25, 'accident', 'minor', 'officer', '2026-04-13 17:35:00', '2026-04-13 17:47:00', '2026-04-13 18:35:00', 1, 14, NULL),
(26, 'road_hazard', 'minor', 'camera', '2026-01-20 18:46:00', '2026-01-20 18:59:00', '2026-01-20 19:47:00', 1, NULL, 24),
(27, 'special_event', 'minor', 'sensor', '2026-01-27 08:57:00', '2026-01-27 09:11:00', '2026-01-27 09:59:00', 1, 24, NULL),
(28, 'vehicle_breakdown', 'minor', 'public', '2026-02-03 16:08:00', '2026-02-03 16:23:00', '2026-02-03 17:11:00', 1, NULL, 30),
(29, 'construction', 'minor', 'officer', '2026-02-10 18:19:00', '2026-02-10 18:35:00', '2026-02-10 19:23:00', 1, 34, NULL),
(30, 'accident', 'minor', 'camera', '2026-02-17 07:30:00', '2026-02-17 07:47:00', NULL, 1, NULL, 36),
(31, 'road_hazard', 'minor', 'sensor', '2026-02-24 09:41:00', '2026-02-24 09:59:00', '2026-02-24 10:47:00', 1, 44, NULL),
(32, 'special_event', 'moderate', 'public', '2026-03-03 17:52:00', '2026-03-03 18:11:00', '2026-03-03 18:59:00', 2, NULL, 42),
(33, 'vehicle_breakdown', 'moderate', 'officer', '2026-03-10 19:03:00', '2026-03-10 19:23:00', '2026-03-10 20:11:00', 2, 54, NULL),
(34, 'construction', 'moderate', 'camera', '2026-03-17 08:14:00', '2026-03-17 08:35:00', '2026-03-17 09:23:00', 2, NULL, 48),
(35, 'accident', 'moderate', 'sensor', '2026-03-24 17:25:00', '2026-03-24 17:47:00', '2026-03-24 18:35:00', 2, 8, NULL),
(36, 'road_hazard', 'moderate', 'public', '2026-03-31 18:36:00', '2026-03-31 18:41:00', NULL, 2, NULL, 54),
(37, 'special_event', 'moderate', 'officer', '2026-04-07 08:47:00', '2026-04-07 08:53:00', '2026-04-07 09:59:00', 2, 18, NULL),
(38, 'vehicle_breakdown', 'moderate', 'camera', '2026-04-14 16:58:00', '2026-04-14 17:05:00', '2026-04-14 18:11:00', 2, NULL, 5),
(39, 'construction', 'moderate', 'sensor', '2026-01-21 18:09:00', '2026-01-21 18:17:00', '2026-01-21 19:23:00', 2, 28, NULL),
(40, 'accident', 'moderate', 'public', '2026-01-28 07:20:00', '2026-01-28 07:29:00', '2026-01-28 08:35:00', 2, NULL, 11),
(41, 'road_hazard', 'moderate', 'officer', '2026-02-04 09:31:00', '2026-02-04 09:41:00', '2026-02-04 10:47:00', 2, 38, NULL),
(42, 'special_event', 'moderate', 'camera', '2026-02-11 17:42:00', '2026-02-11 17:53:00', NULL, 2, NULL, 17),
(43, 'vehicle_breakdown', 'moderate', 'sensor', '2026-02-18 19:53:00', '2026-02-18 20:05:00', '2026-02-18 21:11:00', 2, 48, NULL),
(44, 'construction', 'moderate', 'public', '2026-02-25 08:04:00', '2026-02-25 08:17:00', '2026-02-25 09:23:00', 2, NULL, 23),
(45, 'accident', 'moderate', 'officer', '2026-03-04 17:15:00', '2026-03-04 17:29:00', '2026-03-04 18:35:00', 2, 2, NULL),
(46, 'road_hazard', 'moderate', 'camera', '2026-03-11 18:26:00', '2026-03-11 18:41:00', '2026-03-11 19:47:00', 2, NULL, 29),
(47, 'special_event', 'moderate', 'sensor', '2026-03-18 08:37:00', '2026-03-18 08:53:00', NULL, 2, 12, NULL),
(48, 'vehicle_breakdown', 'moderate', 'public', '2026-03-25 16:48:00', '2026-03-25 17:05:00', NULL, 2, NULL, 35),
(49, 'construction', 'moderate', 'officer', '2026-04-01 18:59:00', '2026-04-01 19:17:00', '2026-04-01 20:23:00', 2, 22, NULL),
(50, 'accident', 'moderate', 'camera', '2026-04-08 07:10:00', '2026-04-08 07:29:00', '2026-04-08 08:35:00', 2, NULL, 41),
(51, 'road_hazard', 'moderate', 'sensor', '2026-04-15 09:21:00', '2026-04-15 09:41:00', '2026-04-15 10:47:00', 2, 32, NULL),
(52, 'special_event', 'moderate', 'public', '2026-01-22 17:32:00', '2026-01-22 17:53:00', '2026-01-22 18:59:00', 2, NULL, 47),
(53, 'vehicle_breakdown', 'moderate', 'officer', '2026-01-29 19:43:00', '2026-01-29 20:05:00', '2026-01-29 21:11:00', 2, 42, NULL),
(54, 'construction', 'moderate', 'camera', '2026-02-05 08:54:00', '2026-02-05 08:59:00', NULL, 2, NULL, 53),
(55, 'accident', 'major', 'sensor', '2026-02-12 17:05:00', '2026-02-12 17:11:00', '2026-02-12 18:35:00', 3, 52, NULL),
(56, 'road_hazard', 'major', 'public', '2026-02-19 18:16:00', '2026-02-19 18:23:00', '2026-02-19 19:47:00', 3, NULL, 4),
(57, 'special_event', 'major', 'officer', '2026-02-26 08:27:00', '2026-02-26 08:35:00', '2026-02-26 09:59:00', 3, 6, NULL),
(58, 'vehicle_breakdown', 'major', 'camera', '2026-03-05 16:38:00', '2026-03-05 16:47:00', '2026-03-05 18:11:00', 3, NULL, 10),
(59, 'construction', 'major', 'sensor', '2026-03-12 18:49:00', '2026-03-12 18:59:00', '2026-03-12 20:23:00', 3, 16, NULL),
(60, 'accident', 'major', 'public', '2026-03-19 07:00:00', '2026-03-19 07:11:00', NULL, 3, NULL, 16),
(61, 'road_hazard', 'major', 'officer', '2026-03-26 09:11:00', '2026-03-26 09:23:00', '2026-03-26 10:47:00', 3, 26, NULL),
(62, 'special_event', 'major', 'camera', '2026-04-02 17:22:00', '2026-04-02 17:35:00', '2026-04-02 18:59:00', 3, NULL, 22),
(63, 'vehicle_breakdown', 'major', 'sensor', '2026-04-09 19:33:00', '2026-04-09 19:47:00', '2026-04-09 21:11:00', 3, 36, NULL),
(64, 'construction', 'major', 'public', '2026-04-16 08:44:00', '2026-04-16 08:59:00', '2026-04-16 10:23:00', 3, NULL, 28),
(65, 'accident', 'major', 'officer', '2026-01-23 17:55:00', '2026-01-23 18:11:00', '2026-01-23 19:35:00', 3, 46, NULL),
(66, 'road_hazard', 'major', 'camera', '2026-01-30 18:06:00', '2026-01-30 18:23:00', NULL, 3, NULL, 34),
(67, 'special_event', 'major', 'sensor', '2026-02-06 08:17:00', '2026-02-06 08:35:00', '2026-02-06 09:59:00', 3, 56, NULL),
(68, 'vehicle_breakdown', 'major', 'public', '2026-02-13 16:28:00', '2026-02-13 16:47:00', '2026-02-13 18:11:00', 3, NULL, 40),
(69, 'construction', 'major', 'officer', '2026-02-20 18:39:00', '2026-02-20 18:59:00', '2026-02-20 20:23:00', 3, 10, NULL),
(70, 'accident', 'major', 'camera', '2026-02-27 07:50:00', '2026-02-27 08:11:00', '2026-02-27 09:35:00', 3, NULL, 46),
(71, 'road_hazard', 'critical', 'sensor', '2026-03-06 09:01:00', '2026-03-06 09:23:00', '2026-03-06 10:47:00', 4, 20, NULL),
(72, 'special_event', 'critical', 'public', '2026-03-13 17:12:00', '2026-03-13 17:17:00', NULL, 4, NULL, 52),
(73, 'vehicle_breakdown', 'critical', 'officer', '2026-03-20 19:23:00', '2026-03-20 19:29:00', '2026-03-20 21:11:00', 4, 30, NULL),
(74, 'construction', 'critical', 'camera', '2026-03-27 08:34:00', '2026-03-27 08:41:00', '2026-03-27 10:23:00', 4, NULL, 3),
(75, 'accident', 'critical', 'sensor', '2026-04-03 17:45:00', '2026-04-03 17:53:00', '2026-04-03 19:35:00', 4, 40, NULL),
(76, 'road_hazard', 'critical', 'public', '2026-04-10 18:56:00', '2026-04-10 19:05:00', '2026-04-10 20:47:00', 4, NULL, 9),
(77, 'special_event', 'critical', 'officer', '2026-04-17 08:07:00', '2026-04-17 08:17:00', '2026-04-17 09:59:00', 4, 50, NULL),
(78, 'vehicle_breakdown', 'critical', 'camera', '2026-01-24 16:18:00', '2026-01-24 16:29:00', NULL, 4, NULL, 15);

-- maintenance_task (110 rows)
INSERT INTO maintenance_task (task_id, maintenance_status, maintenance_type, scheduled_date, scheduled_time, estimated_duration_minutes, priority_level, assigned_crew, actual_duration_minutes) OVERRIDING SYSTEM VALUE VALUES
(1, 'completed', 'corrective', '2026-01-21', '2026-01-21 09:13:00', 45, 'moderate', 2, 40),
(2, 'completed', 'inspection', '2026-01-25', '2026-01-25 11:26:00', 60, 'high', 3, 60),
(3, 'completed', 'upgrade', '2026-01-29', '2026-01-29 14:39:00', 75, 'critical', 4, 80),
(4, 'completed', 'preventive', '2026-02-02', '2026-02-02 16:52:00', 90, 'severe', 5, 100),
(5, 'completed', 'corrective', '2026-02-06', '2026-02-06 07:05:00', 105, 'low', 6, 95),
(6, 'completed', 'inspection', '2026-02-10', '2026-02-10 09:18:00', 120, 'moderate', 7, 115),
(7, 'completed', 'upgrade', '2026-02-14', '2026-02-14 11:31:00', 30, 'high', 8, 30),
(8, 'completed', 'preventive', '2026-02-18', '2026-02-18 14:44:00', 45, 'critical', 9, 50),
(9, 'completed', 'corrective', '2026-02-22', '2026-02-22 16:57:00', 60, 'severe', 10, 70),
(10, 'completed', 'inspection', '2026-02-26', '2026-02-26 07:10:00', 75, 'low', 11, 65),
(11, 'completed', 'upgrade', '2026-03-02', '2026-03-02 09:23:00', 90, 'moderate', 1, 85),
(12, 'completed', 'preventive', '2026-03-06', '2026-03-06 11:36:00', 105, 'high', 2, 105),
(13, 'completed', 'corrective', '2026-03-10', '2026-03-10 14:49:00', 120, 'critical', 3, 125),
(14, 'completed', 'inspection', '2026-03-14', '2026-03-14 16:02:00', 30, 'severe', 4, 40),
(15, 'completed', 'upgrade', '2026-03-18', '2026-03-18 07:15:00', 45, 'low', 5, 35),
(16, 'completed', 'preventive', '2026-03-22', '2026-03-22 09:28:00', 60, 'moderate', 6, 55),
(17, 'completed', 'corrective', '2026-03-26', '2026-03-26 11:41:00', 75, 'high', 7, 75),
(18, 'completed', 'inspection', '2026-03-30', '2026-03-30 14:54:00', 90, 'critical', 8, 95),
(19, 'completed', 'upgrade', '2026-04-03', '2026-04-03 16:07:00', 105, 'severe', 9, 115),
(20, 'completed', 'preventive', '2026-04-07', '2026-04-07 07:20:00', 120, 'low', 10, 110),
(21, 'completed', 'corrective', '2026-04-11', '2026-04-11 09:33:00', 30, 'moderate', 11, 25),
(22, 'completed', 'inspection', '2026-04-15', '2026-04-15 11:46:00', 45, 'high', 1, 45),
(23, 'scheduled', 'upgrade', '2026-04-19', '2026-04-19 14:59:00', 60, 'critical', 2, NULL),
(24, 'in_progress', 'preventive', '2026-04-23', '2026-04-23 16:12:00', 75, 'severe', 3, NULL),
(25, 'scheduled', 'corrective', '2026-04-27', '2026-04-27 07:25:00', 90, 'low', 4, NULL),
(26, 'scheduled', 'inspection', '2026-05-01', '2026-05-01 09:38:00', 105, 'moderate', 5, NULL),
(27, 'in_progress', 'upgrade', '2026-05-05', '2026-05-05 11:51:00', 120, 'high', 6, NULL),
(28, 'scheduled', 'preventive', '2026-05-09', '2026-05-09 14:04:00', 30, 'critical', 7, NULL),
(29, 'scheduled', 'corrective', '2026-05-13', '2026-05-13 16:17:00', 45, 'severe', 8, NULL),
(30, 'in_progress', 'inspection', '2026-05-17', '2026-05-17 07:30:00', 60, 'low', 9, NULL),
(31, 'completed', 'upgrade', '2026-01-20', '2026-01-20 09:43:00', 75, 'moderate', 10, 70),
(32, 'completed', 'preventive', '2026-01-24', '2026-01-24 11:56:00', 90, 'high', 11, 90),
(33, 'completed', 'corrective', '2026-01-28', '2026-01-28 14:09:00', 105, 'critical', 1, 110),
(34, 'completed', 'inspection', '2026-02-01', '2026-02-01 16:22:00', 120, 'severe', 2, 130),
(35, 'completed', 'upgrade', '2026-02-05', '2026-02-05 07:35:00', 30, 'low', 3, 20),
(36, 'completed', 'preventive', '2026-02-09', '2026-02-09 09:48:00', 45, 'moderate', 4, 40),
(37, 'completed', 'corrective', '2026-02-13', '2026-02-13 11:01:00', 60, 'high', 5, 60),
(38, 'completed', 'inspection', '2026-02-17', '2026-02-17 14:14:00', 75, 'critical', 6, 80),
(39, 'completed', 'upgrade', '2026-02-21', '2026-02-21 16:27:00', 90, 'severe', 7, 100),
(40, 'completed', 'preventive', '2026-02-25', '2026-02-25 07:40:00', 105, 'low', 8, 95),
(41, 'completed', 'corrective', '2026-03-01', '2026-03-01 09:53:00', 120, 'moderate', 9, 115),
(42, 'completed', 'inspection', '2026-03-05', '2026-03-05 11:06:00', 30, 'high', 10, 30),
(43, 'completed', 'upgrade', '2026-03-09', '2026-03-09 14:19:00', 45, 'critical', 11, 50),
(44, 'completed', 'preventive', '2026-03-13', '2026-03-13 16:32:00', 60, 'severe', 1, 70),
(45, 'completed', 'corrective', '2026-03-17', '2026-03-17 07:45:00', 75, 'low', 2, 65),
(46, 'completed', 'inspection', '2026-03-21', '2026-03-21 09:58:00', 90, 'moderate', 3, 85),
(47, 'completed', 'upgrade', '2026-03-25', '2026-03-25 11:11:00', 105, 'high', 4, 105),
(48, 'completed', 'preventive', '2026-03-29', '2026-03-29 14:24:00', 120, 'critical', 5, 125),
(49, 'completed', 'corrective', '2026-04-02', '2026-04-02 16:37:00', 30, 'severe', 6, 40),
(50, 'completed', 'inspection', '2026-04-06', '2026-04-06 07:50:00', 45, 'low', 7, 35),
(51, 'completed', 'upgrade', '2026-04-10', '2026-04-10 09:03:00', 60, 'moderate', 8, 55),
(52, 'completed', 'preventive', '2026-04-14', '2026-04-14 11:16:00', 75, 'high', 9, 75),
(53, 'scheduled', 'corrective', '2026-04-18', '2026-04-18 14:29:00', 90, 'critical', 10, NULL),
(54, 'in_progress', 'inspection', '2026-04-22', '2026-04-22 16:42:00', 105, 'severe', 11, NULL),
(55, 'scheduled', 'upgrade', '2026-04-26', '2026-04-26 07:55:00', 120, 'low', 1, NULL),
(56, 'scheduled', 'preventive', '2026-04-30', '2026-04-30 09:08:00', 30, 'moderate', 2, NULL),
(57, 'in_progress', 'corrective', '2026-05-04', '2026-05-04 11:21:00', 45, 'high', 3, NULL),
(58, 'scheduled', 'inspection', '2026-05-08', '2026-05-08 14:34:00', 60, 'critical', 4, NULL),
(59, 'scheduled', 'upgrade', '2026-05-12', '2026-05-12 16:47:00', 75, 'severe', 5, NULL),
(60, 'in_progress', 'preventive', '2026-05-16', '2026-05-16 07:00:00', 90, 'low', 6, NULL),
(61, 'completed', 'corrective', '2026-01-19', '2026-01-19 09:13:00', 105, 'moderate', 7, 100),
(62, 'completed', 'inspection', '2026-01-23', '2026-01-23 11:26:00', 120, 'high', 8, 120),
(63, 'completed', 'upgrade', '2026-01-27', '2026-01-27 14:39:00', 30, 'critical', 9, 35),
(64, 'completed', 'preventive', '2026-01-31', '2026-01-31 16:52:00', 45, 'severe', 10, 55),
(65, 'completed', 'corrective', '2026-02-04', '2026-02-04 07:05:00', 60, 'low', 11, 50),
(66, 'completed', 'inspection', '2026-02-08', '2026-02-08 09:18:00', 75, 'moderate', 1, 70),
(67, 'completed', 'upgrade', '2026-02-12', '2026-02-12 11:31:00', 90, 'high', 2, 90),
(68, 'completed', 'preventive', '2026-02-16', '2026-02-16 14:44:00', 105, 'critical', 3, 110),
(69, 'completed', 'corrective', '2026-02-20', '2026-02-20 16:57:00', 120, 'severe', 4, 130),
(70, 'completed', 'inspection', '2026-02-24', '2026-02-24 07:10:00', 30, 'low', 5, 20),
(71, 'completed', 'upgrade', '2026-02-28', '2026-02-28 09:23:00', 45, 'moderate', 6, 40),
(72, 'completed', 'preventive', '2026-03-04', '2026-03-04 11:36:00', 60, 'high', 7, 60),
(73, 'completed', 'corrective', '2026-03-08', '2026-03-08 14:49:00', 75, 'critical', 8, 80),
(74, 'completed', 'inspection', '2026-03-12', '2026-03-12 16:02:00', 90, 'severe', 9, 100),
(75, 'completed', 'upgrade', '2026-03-16', '2026-03-16 07:15:00', 105, 'low', 10, 95),
(76, 'completed', 'preventive', '2026-03-20', '2026-03-20 09:28:00', 120, 'moderate', 11, 115),
(77, 'completed', 'corrective', '2026-03-24', '2026-03-24 11:41:00', 30, 'high', 1, 30),
(78, 'completed', 'inspection', '2026-03-28', '2026-03-28 14:54:00', 45, 'critical', 2, 50),
(79, 'completed', 'upgrade', '2026-04-01', '2026-04-01 16:07:00', 60, 'severe', 3, 70),
(80, 'completed', 'preventive', '2026-04-05', '2026-04-05 07:20:00', 75, 'low', 4, 65),
(81, 'completed', 'corrective', '2026-04-09', '2026-04-09 09:33:00', 90, 'moderate', 5, 85),
(82, 'completed', 'inspection', '2026-04-13', '2026-04-13 11:46:00', 105, 'high', 6, 105),
(83, 'in_progress', 'upgrade', '2026-04-17', '2026-04-17 14:59:00', 120, 'critical', 7, NULL),
(84, 'in_progress', 'preventive', '2026-04-21', '2026-04-21 16:12:00', 30, 'severe', 8, NULL),
(85, 'scheduled', 'corrective', '2026-04-25', '2026-04-25 07:25:00', 45, 'low', 9, NULL),
(86, 'scheduled', 'inspection', '2026-04-29', '2026-04-29 09:38:00', 60, 'moderate', 10, NULL),
(87, 'in_progress', 'upgrade', '2026-05-03', '2026-05-03 11:51:00', 75, 'high', 11, NULL),
(88, 'scheduled', 'preventive', '2026-05-07', '2026-05-07 14:04:00', 90, 'critical', 1, NULL),
(89, 'scheduled', 'corrective', '2026-05-11', '2026-05-11 16:17:00', 105, 'severe', 2, NULL),
(90, 'in_progress', 'inspection', '2026-05-15', '2026-05-15 07:30:00', 120, 'low', 3, NULL),
(91, 'completed', 'upgrade', '2026-01-18', '2026-01-18 09:43:00', 30, 'moderate', 4, 25),
(92, 'completed', 'preventive', '2026-01-22', '2026-01-22 11:56:00', 45, 'high', 5, 45),
(93, 'completed', 'corrective', '2026-01-26', '2026-01-26 14:09:00', 60, 'critical', 6, 65),
(94, 'completed', 'inspection', '2026-01-30', '2026-01-30 16:22:00', 75, 'severe', 7, 85),
(95, 'completed', 'upgrade', '2026-02-03', '2026-02-03 07:35:00', 90, 'low', 8, 80),
(96, 'completed', 'preventive', '2026-02-07', '2026-02-07 09:48:00', 105, 'moderate', 9, 100),
(97, 'completed', 'corrective', '2026-02-11', '2026-02-11 11:01:00', 120, 'high', 10, 120),
(98, 'completed', 'inspection', '2026-02-15', '2026-02-15 14:14:00', 30, 'critical', 11, 35),
(99, 'completed', 'upgrade', '2026-02-19', '2026-02-19 16:27:00', 45, 'severe', 1, 55),
(100, 'completed', 'preventive', '2026-02-23', '2026-02-23 07:40:00', 60, 'low', 2, 50),
(101, 'completed', 'corrective', '2026-02-27', '2026-02-27 09:53:00', 75, 'moderate', 3, 70),
(102, 'completed', 'inspection', '2026-03-03', '2026-03-03 11:06:00', 90, 'high', 4, 90),
(103, 'completed', 'upgrade', '2026-03-07', '2026-03-07 14:19:00', 105, 'critical', 5, 110),
(104, 'completed', 'preventive', '2026-03-11', '2026-03-11 16:32:00', 120, 'severe', 6, 130),
(105, 'completed', 'corrective', '2026-03-15', '2026-03-15 07:45:00', 30, 'low', 7, 20),
(106, 'completed', 'inspection', '2026-03-19', '2026-03-19 09:58:00', 45, 'moderate', 8, 40),
(107, 'completed', 'upgrade', '2026-03-23', '2026-03-23 11:11:00', 60, 'high', 9, 60),
(108, 'completed', 'preventive', '2026-03-27', '2026-03-27 14:24:00', 75, 'critical', 10, 80),
(109, 'completed', 'corrective', '2026-03-31', '2026-03-31 16:37:00', 90, 'severe', 11, 100),
(110, 'completed', 'inspection', '2026-04-04', '2026-04-04 07:50:00', 105, 'low', 1, 95);

-- sensor_maintenance_task (40 rows)
INSERT INTO sensor_maintenance_task (task_id, sensor_id) VALUES
(1, 5),
(2, 9),
(3, 13),
(4, 17),
(5, 21),
(6, 25),
(7, 29),
(8, 33),
(9, 37),
(10, 41),
(11, 45),
(12, 49),
(13, 53),
(14, 57),
(15, 61),
(16, 65),
(17, 69),
(18, 73),
(19, 77),
(20, 81),
(21, 85),
(22, 89),
(23, 93),
(24, 97),
(25, 101),
(26, 105),
(27, 109),
(28, 113),
(29, 117),
(30, 121),
(31, 125),
(32, 129),
(33, 133),
(34, 137),
(35, 141),
(36, 145),
(37, 149),
(38, 153),
(39, 157),
(40, 161);

-- traffic_signal_maintenance_task (30 rows)
INSERT INTO traffic_signal_maintenance_task (task_id, signal_id) VALUES
(41, 124),
(42, 127),
(43, 130),
(44, 133),
(45, 136),
(46, 139),
(47, 142),
(48, 145),
(49, 148),
(50, 151),
(51, 154),
(52, 157),
(53, 160),
(54, 163),
(55, 166),
(56, 169),
(57, 172),
(58, 175),
(59, 178),
(60, 181),
(61, 184),
(62, 187),
(63, 190),
(64, 3),
(65, 6),
(66, 9),
(67, 12),
(68, 15),
(69, 18),
(70, 21);

-- road_segment_maintenance_task (30 rows)
INSERT INTO road_segment_maintenance_task (task_id, segment_id) VALUES
(71, 33),
(72, 35),
(73, 37),
(74, 39),
(75, 41),
(76, 43),
(77, 45),
(78, 47),
(79, 49),
(80, 51),
(81, 53),
(82, 55),
(83, 2),
(84, 4),
(85, 6),
(86, 8),
(87, 10),
(88, 12),
(89, 14),
(90, 16),
(91, 18),
(92, 20),
(93, 22),
(94, 24),
(95, 31),
(96, 38),
(97, 30),
(98, 32),
(99, 34),
(100, 36);

-- weather_station_maintenance_task (10 rows)
INSERT INTO weather_station_maintenance_task (task_id, weather_station_id) VALUES
(101, 2),
(102, 3),
(103, 4),
(104, 5),
(105, 6),
(106, 1),
(107, 2),
(108, 3),
(109, 4),
(110, 5);

-- zone_control_management (99 rows)
INSERT INTO zone_control_management (zone_number, intersection_id) VALUES
(2, 1),
(2, 2),
(2, 3),
(2, 4),
(2, 5),
(2, 6),
(2, 7),
(2, 8),
(2, 9),
(2, 10),
(1, 11),
(2, 11),
(5, 11),
(1, 12),
(2, 12),
(5, 12),
(1, 13),
(2, 13),
(5, 13),
(1, 14),
(2, 14),
(5, 14),
(2, 15),
(2, 16),
(2, 17),
(2, 18),
(1, 19),
(2, 19),
(5, 19),
(1, 20),
(2, 20),
(5, 20),
(1, 21),
(2, 21),
(5, 21),
(1, 22),
(2, 22),
(5, 22),
(2, 23),
(2, 24),
(1, 27),
(5, 27),
(1, 28),
(5, 28),
(1, 29),
(5, 29),
(1, 30),
(4, 30),
(5, 30),
(4, 31),
(4, 32),
(3, 33),
(3, 34),
(1, 35),
(3, 35),
(6, 35),
(1, 36),
(3, 36),
(6, 36),
(1, 37),
(3, 37),
(6, 37),
(1, 38),
(3, 38),
(4, 38),
(3, 39),
(4, 39),
(3, 40),
(4, 40),
(3, 41),
(6, 41),
(3, 42),
(6, 42),
(3, 43),
(6, 43),
(3, 44),
(6, 44),
(3, 45),
(6, 45),
(3, 46),
(4, 46),
(6, 46),
(3, 47),
(4, 47),
(6, 47),
(3, 48),
(4, 48),
(6, 48),
(3, 49),
(3, 50),
(3, 51),
(3, 52),
(3, 53),
(3, 54),
(4, 54),
(3, 55),
(4, 55),
(3, 56),
(4, 56);

-- facility (22 rows)
INSERT INTO facility (facility_id, facility_name, total_capacity, facility_type) OVERRIDING SYSTEM VALUE VALUES
(1, 'Georgetown Medical Center', 320, 'hospital'),
(2, 'Dupont Medical Pavilion', 280, 'hospital'),
(3, 'Capitol Regional Hospital', 240, 'hospital'),
(4, 'Engine Company 12', 48, 'fire_station'),
(5, 'Engine Company 18', 44, 'fire_station'),
(6, 'Engine Company 24', 40, 'fire_station'),
(7, 'Engine Company 31', 38, 'fire_station'),
(8, 'First District Police Station', 140, 'police_station'),
(9, 'Second District Police Station', 120, 'police_station'),
(10, 'Third District Police Station', 150, 'police_station'),
(11, 'Central Operations Police Annex', 110, 'police_station'),
(12, 'Foggy Bottom Surface Lot', 180, 'surface_lot'),
(13, 'Penn Quarter Garage', 420, 'parking_garage'),
(14, 'K Street Metered Parking', 90, 'street_parking'),
(15, 'West End Visitor Lot', 210, 'surface_lot'),
(16, 'Union Market Garage', 380, 'parking_garage'),
(17, 'Downtown Curbside Parking', 75, 'street_parking'),
(18, 'Capitol Hill Surface Lot', 150, 'surface_lot'),
(19, 'Metro Center Garage', 460, 'parking_garage'),
(20, 'F Street Smart Parking', 110, 'street_parking'),
(21, 'Waterfront Visitor Lot', 195, 'surface_lot'),
(22, 'Gallery Place Garage', 340, 'parking_garage');

-- operation_hour (154 rows)
INSERT INTO operation_hour (operation_hour_id, facility_id, day_of_week, open_time, close_time) OVERRIDING SYSTEM VALUE VALUES
(1, 1, 'Mon', '00:01:00', '23:59:00'),
(2, 1, 'Tue', '00:01:00', '23:59:00'),
(3, 1, 'Wed', '00:01:00', '23:59:00'),
(4, 1, 'Thu', '00:01:00', '23:59:00'),
(5, 1, 'Fri', '00:01:00', '23:59:00'),
(6, 1, 'Sat', '00:01:00', '23:59:00'),
(7, 1, 'Sun', '00:01:00', '23:59:00'),
(8, 2, 'Mon', '00:01:00', '23:59:00'),
(9, 2, 'Tue', '00:01:00', '23:59:00'),
(10, 2, 'Wed', '00:01:00', '23:59:00'),
(11, 2, 'Thu', '00:01:00', '23:59:00'),
(12, 2, 'Fri', '00:01:00', '23:59:00'),
(13, 2, 'Sat', '00:01:00', '23:59:00'),
(14, 2, 'Sun', '00:01:00', '23:59:00'),
(15, 3, 'Mon', '00:01:00', '23:59:00'),
(16, 3, 'Tue', '00:01:00', '23:59:00'),
(17, 3, 'Wed', '00:01:00', '23:59:00'),
(18, 3, 'Thu', '00:01:00', '23:59:00'),
(19, 3, 'Fri', '00:01:00', '23:59:00'),
(20, 3, 'Sat', '00:01:00', '23:59:00'),
(21, 3, 'Sun', '00:01:00', '23:59:00'),
(22, 4, 'Mon', '00:01:00', '23:59:00'),
(23, 4, 'Tue', '00:01:00', '23:59:00'),
(24, 4, 'Wed', '00:01:00', '23:59:00'),
(25, 4, 'Thu', '00:01:00', '23:59:00'),
(26, 4, 'Fri', '00:01:00', '23:59:00'),
(27, 4, 'Sat', '00:01:00', '23:59:00'),
(28, 4, 'Sun', '00:01:00', '23:59:00'),
(29, 5, 'Mon', '00:01:00', '23:59:00'),
(30, 5, 'Tue', '00:01:00', '23:59:00'),
(31, 5, 'Wed', '00:01:00', '23:59:00'),
(32, 5, 'Thu', '00:01:00', '23:59:00'),
(33, 5, 'Fri', '00:01:00', '23:59:00'),
(34, 5, 'Sat', '00:01:00', '23:59:00'),
(35, 5, 'Sun', '00:01:00', '23:59:00'),
(36, 6, 'Mon', '00:01:00', '23:59:00'),
(37, 6, 'Tue', '00:01:00', '23:59:00'),
(38, 6, 'Wed', '00:01:00', '23:59:00'),
(39, 6, 'Thu', '00:01:00', '23:59:00'),
(40, 6, 'Fri', '00:01:00', '23:59:00'),
(41, 6, 'Sat', '00:01:00', '23:59:00'),
(42, 6, 'Sun', '00:01:00', '23:59:00'),
(43, 7, 'Mon', '00:01:00', '23:59:00'),
(44, 7, 'Tue', '00:01:00', '23:59:00'),
(45, 7, 'Wed', '00:01:00', '23:59:00'),
(46, 7, 'Thu', '00:01:00', '23:59:00'),
(47, 7, 'Fri', '00:01:00', '23:59:00'),
(48, 7, 'Sat', '00:01:00', '23:59:00'),
(49, 7, 'Sun', '00:01:00', '23:59:00'),
(50, 8, 'Mon', '00:01:00', '23:59:00'),
(51, 8, 'Tue', '00:01:00', '23:59:00'),
(52, 8, 'Wed', '00:01:00', '23:59:00'),
(53, 8, 'Thu', '00:01:00', '23:59:00'),
(54, 8, 'Fri', '00:01:00', '23:59:00'),
(55, 8, 'Sat', '00:01:00', '23:59:00'),
(56, 8, 'Sun', '00:01:00', '23:59:00'),
(57, 9, 'Mon', '00:01:00', '23:59:00'),
(58, 9, 'Tue', '00:01:00', '23:59:00'),
(59, 9, 'Wed', '00:01:00', '23:59:00'),
(60, 9, 'Thu', '00:01:00', '23:59:00'),
(61, 9, 'Fri', '00:01:00', '23:59:00'),
(62, 9, 'Sat', '00:01:00', '23:59:00'),
(63, 9, 'Sun', '00:01:00', '23:59:00'),
(64, 10, 'Mon', '00:01:00', '23:59:00'),
(65, 10, 'Tue', '00:01:00', '23:59:00'),
(66, 10, 'Wed', '00:01:00', '23:59:00'),
(67, 10, 'Thu', '00:01:00', '23:59:00'),
(68, 10, 'Fri', '00:01:00', '23:59:00'),
(69, 10, 'Sat', '00:01:00', '23:59:00'),
(70, 10, 'Sun', '00:01:00', '23:59:00'),
(71, 11, 'Mon', '00:01:00', '23:59:00'),
(72, 11, 'Tue', '00:01:00', '23:59:00'),
(73, 11, 'Wed', '00:01:00', '23:59:00'),
(74, 11, 'Thu', '00:01:00', '23:59:00'),
(75, 11, 'Fri', '00:01:00', '23:59:00'),
(76, 11, 'Sat', '00:01:00', '23:59:00'),
(77, 11, 'Sun', '00:01:00', '23:59:00'),
(78, 12, 'Mon', '06:00:00', '22:00:00'),
(79, 12, 'Tue', '06:00:00', '22:00:00'),
(80, 12, 'Wed', '06:00:00', '22:00:00'),
(81, 12, 'Thu', '06:00:00', '22:00:00'),
(82, 12, 'Fri', '06:00:00', '22:00:00'),
(83, 12, 'Sat', '06:00:00', '22:00:00'),
(84, 12, 'Sun', '06:00:00', '22:00:00'),
(85, 13, 'Mon', '00:01:00', '23:59:00'),
(86, 13, 'Tue', '00:01:00', '23:59:00'),
(87, 13, 'Wed', '00:01:00', '23:59:00'),
(88, 13, 'Thu', '00:01:00', '23:59:00'),
(89, 13, 'Fri', '00:01:00', '23:59:00'),
(90, 13, 'Sat', '00:01:00', '23:59:00'),
(91, 13, 'Sun', '00:01:00', '23:59:00'),
(92, 14, 'Mon', '07:00:00', '21:00:00'),
(93, 14, 'Tue', '07:00:00', '21:00:00'),
(94, 14, 'Wed', '07:00:00', '21:00:00'),
(95, 14, 'Thu', '07:00:00', '21:00:00'),
(96, 14, 'Fri', '07:00:00', '21:00:00'),
(97, 14, 'Sat', '07:00:00', '21:00:00'),
(98, 14, 'Sun', '07:00:00', '21:00:00'),
(99, 15, 'Mon', '06:00:00', '23:00:00'),
(100, 15, 'Tue', '06:00:00', '23:00:00'),
(101, 15, 'Wed', '06:00:00', '23:00:00'),
(102, 15, 'Thu', '06:00:00', '23:00:00'),
(103, 15, 'Fri', '06:00:00', '23:00:00'),
(104, 15, 'Sat', '06:00:00', '23:00:00'),
(105, 15, 'Sun', '06:00:00', '23:00:00'),
(106, 16, 'Mon', '00:01:00', '23:59:00'),
(107, 16, 'Tue', '00:01:00', '23:59:00'),
(108, 16, 'Wed', '00:01:00', '23:59:00'),
(109, 16, 'Thu', '00:01:00', '23:59:00'),
(110, 16, 'Fri', '00:01:00', '23:59:00'),
(111, 16, 'Sat', '00:01:00', '23:59:00'),
(112, 16, 'Sun', '00:01:00', '23:59:00'),
(113, 17, 'Mon', '07:00:00', '20:00:00'),
(114, 17, 'Tue', '07:00:00', '20:00:00'),
(115, 17, 'Wed', '07:00:00', '20:00:00'),
(116, 17, 'Thu', '07:00:00', '20:00:00'),
(117, 17, 'Fri', '07:00:00', '20:00:00'),
(118, 17, 'Sat', '07:00:00', '20:00:00'),
(119, 17, 'Sun', '07:00:00', '20:00:00'),
(120, 18, 'Mon', '06:30:00', '22:30:00'),
(121, 18, 'Tue', '06:30:00', '22:30:00'),
(122, 18, 'Wed', '06:30:00', '22:30:00'),
(123, 18, 'Thu', '06:30:00', '22:30:00'),
(124, 18, 'Fri', '06:30:00', '22:30:00'),
(125, 18, 'Sat', '06:30:00', '22:30:00'),
(126, 18, 'Sun', '06:30:00', '22:30:00'),
(127, 19, 'Mon', '00:01:00', '23:59:00'),
(128, 19, 'Tue', '00:01:00', '23:59:00'),
(129, 19, 'Wed', '00:01:00', '23:59:00'),
(130, 19, 'Thu', '00:01:00', '23:59:00'),
(131, 19, 'Fri', '00:01:00', '23:59:00'),
(132, 19, 'Sat', '00:01:00', '23:59:00'),
(133, 19, 'Sun', '00:01:00', '23:59:00'),
(134, 20, 'Mon', '07:00:00', '22:00:00'),
(135, 20, 'Tue', '07:00:00', '22:00:00'),
(136, 20, 'Wed', '07:00:00', '22:00:00'),
(137, 20, 'Thu', '07:00:00', '22:00:00'),
(138, 20, 'Fri', '07:00:00', '22:00:00'),
(139, 20, 'Sat', '07:00:00', '22:00:00'),
(140, 20, 'Sun', '07:00:00', '22:00:00'),
(141, 21, 'Mon', '06:00:00', '22:00:00'),
(142, 21, 'Tue', '06:00:00', '22:00:00'),
(143, 21, 'Wed', '06:00:00', '22:00:00'),
(144, 21, 'Thu', '06:00:00', '22:00:00'),
(145, 21, 'Fri', '06:00:00', '22:00:00'),
(146, 21, 'Sat', '06:00:00', '22:00:00'),
(147, 21, 'Sun', '06:00:00', '22:00:00'),
(148, 22, 'Mon', '05:00:00', '23:30:00'),
(149, 22, 'Tue', '05:00:00', '23:30:00'),
(150, 22, 'Wed', '05:00:00', '23:30:00'),
(151, 22, 'Thu', '05:00:00', '23:30:00'),
(152, 22, 'Fri', '05:00:00', '23:30:00'),
(153, 22, 'Sat', '05:00:00', '23:30:00'),
(154, 22, 'Sun', '05:00:00', '23:30:00');

-- parking_facility (11 rows)
INSERT INTO parking_facility (facility_id, ev_charging_stations, payment_method, pricing_structure, accessible_spaces) VALUES
(12, 12, 'card_app', 'hourly', 8),
(13, 40, 'card_cash_app', 'hourly', 18),
(14, 6, 'meter_app', 'hourly', 6),
(15, 10, 'card_app', 'flat_rate', 9),
(16, 32, 'card_cash_app', 'hourly', 16),
(17, 4, 'meter_app', 'hourly', 5),
(18, 8, 'card_only', 'flat_rate', 7),
(19, 48, 'card_app', 'hourly', 20),
(20, 8, 'meter_app', 'hourly', 7),
(21, 14, 'cash_card_app', 'flat_rate', 10),
(22, 28, 'card_app', 'hourly', 14);

-- emergency_facility (11 rows)
INSERT INTO emergency_facility (facility_id, capability, phone_number, email) VALUES
(1, 'Level I trauma care', '202-555-0101', 'er@georgetownmed.org'),
(2, 'Emergency surgery', '202-555-0102', 'dispatch@dupontmedical.org'),
(3, 'Pediatric emergency care', '202-555-0103', 'ops@capitolregional.org'),
(4, 'Engine and ladder response', '202-555-0110', 'station12@dcfire.gov'),
(5, 'Hazmat response', '202-555-0111', 'station18@dcfire.gov'),
(6, 'Water rescue', '202-555-0112', 'station24@dcfire.gov'),
(7, 'Rapid intervention team', '202-555-0113', 'station31@dcfire.gov'),
(8, 'Patrol dispatch', '202-555-0120', 'first.district@dcpolice.gov'),
(9, 'Traffic incident command', '202-555-0121', 'second.district@dcpolice.gov'),
(10, 'Special operations support', '202-555-0122', 'third.district@dcpolice.gov'),
(11, 'Downtown patrol coordination', '202-555-0123', 'central.dispatch@dcpolice.gov');

-- emergency_route (22 rows)
INSERT INTO emergency_route (route_id, start_intersection_id, end_intersection_id, emergency_facility_id, priority_level, estimated_travel_time, route_length, recommended_speed, alternative_route_id) OVERRIDING SYSTEM VALUE VALUES
(1, 4, 40, 1, 2, 23, 2.04, 30, NULL),
(2, 13, 26, 2, 3, 18, 1.35, 35, 1),
(3, 22, 14, 3, 4, 19, 1.28, 40, NULL),
(4, 31, 32, 4, 5, 20, 1.77, 25, 3),
(5, 12, 45, 5, 1, 17, 1.34, 30, NULL),
(6, 44, 20, 6, 2, 14, 0.78, 35, 5),
(7, 52, 29, 7, 3, 17, 1.08, 40, NULL),
(8, 8, 41, 8, 4, 30, 3.02, 25, 7),
(9, 24, 7, 9, 5, 25, 2.27, 30, NULL),
(10, 36, 34, 10, 1, 12, 0.51, 35, 9),
(11, 48, 53, 11, 2, 21, 1.6, 40, NULL),
(12, 4, 11, 1, 3, 10, 0.51, 25, 11),
(13, 13, 38, 2, 4, 19, 1.59, 30, NULL),
(14, 22, 17, 3, 5, 18, 1.23, 35, 13),
(15, 31, 27, 4, 1, 17, 1.02, 40, NULL),
(16, 12, 50, 5, 2, 20, 1.83, 25, 15),
(17, 44, 6, 6, 3, 21, 1.79, 30, NULL),
(18, 52, 21, 7, 4, 18, 1.36, 35, 17),
(19, 8, 43, 8, 5, 29, 2.57, 40, NULL),
(20, 24, 15, 9, 1, 22, 2.03, 25, 19),
(21, 36, 35, 10, 2, 9, 0.27, 30, NULL),
(22, 48, 54, 11, 3, 22, 1.81, 35, 21);

-- emergency_route_path (128 rows)
INSERT INTO emergency_route_path (route_id, segment_id, path_order) VALUES
(1, 50, 1),
(1, 51, 2),
(1, 52, 3),
(1, 53, 4),
(1, 32, 5),
(1, 33, 6),
(1, 34, 7),
(1, 35, 8),
(2, 11, 1),
(2, 51, 2),
(2, 52, 3),
(2, 24, 4),
(2, 23, 5),
(3, 19, 1),
(3, 18, 2),
(3, 51, 3),
(3, 11, 4),
(3, 12, 5),
(4, 27, 1),
(4, 28, 2),
(5, 51, 1),
(5, 52, 2),
(5, 53, 3),
(5, 54, 4),
(5, 39, 5),
(6, 54, 1),
(6, 53, 2),
(6, 52, 3),
(7, 55, 1),
(7, 54, 2),
(7, 53, 3),
(7, 25, 4),
(8, 7, 1),
(8, 6, 2),
(8, 5, 3),
(8, 4, 4),
(8, 50, 5),
(8, 51, 6),
(8, 52, 7),
(8, 53, 8),
(8, 54, 9),
(8, 38, 10),
(8, 37, 11),
(8, 36, 12),
(9, 21, 1),
(9, 20, 2),
(9, 19, 3),
(9, 18, 4),
(9, 51, 5),
(9, 50, 6),
(9, 4, 7),
(9, 5, 8),
(9, 6, 9),
(10, 31, 1),
(10, 30, 2),
(11, 42, 1),
(11, 41, 2),
(11, 40, 3),
(11, 39, 4),
(11, 55, 5),
(11, 46, 6),
(12, 50, 1),
(12, 10, 2),
(13, 11, 1),
(13, 51, 2),
(13, 52, 3),
(13, 53, 4),
(13, 32, 5),
(13, 33, 6),
(14, 19, 1),
(14, 18, 2),
(14, 17, 3),
(14, 16, 4),
(14, 15, 5),
(15, 27, 1),
(15, 26, 2),
(15, 25, 3),
(15, 24, 4),
(16, 51, 1),
(16, 52, 2),
(16, 53, 3),
(16, 54, 4),
(16, 55, 5),
(16, 45, 6),
(16, 44, 7),
(17, 54, 1),
(17, 53, 2),
(17, 52, 3),
(17, 51, 4),
(17, 50, 5),
(17, 4, 6),
(17, 5, 7),
(18, 55, 1),
(18, 54, 2),
(18, 53, 3),
(18, 52, 4),
(18, 18, 5),
(19, 7, 1),
(19, 6, 2),
(19, 5, 3),
(19, 4, 4),
(19, 50, 5),
(19, 51, 6),
(19, 52, 7),
(19, 53, 8),
(19, 54, 9),
(19, 38, 10),
(20, 21, 1),
(20, 20, 2),
(20, 19, 3),
(20, 18, 4),
(20, 51, 5),
(20, 11, 6),
(20, 12, 7),
(20, 13, 8),
(21, 31, 1),
(22, 42, 1),
(22, 41, 2),
(22, 40, 3),
(22, 39, 4),
(22, 55, 5),
(22, 46, 6),
(22, 47, 7);

-- emergency_route_usage (88 rows)
INSERT INTO emergency_route_usage (emergency_route_usage_id, route_id, usage_timestamp, response_time_in_minutes) OVERRIDING SYSTEM VALUE VALUES
(1, 1, '2026-02-02 07:07:00', 22),
(2, 1, '2026-02-11 16:18:00', 27),
(3, 1, '2026-02-20 07:29:00', 28),
(4, 1, '2026-03-01 16:40:00', 29),
(5, 2, '2026-02-03 07:14:00', 17),
(6, 2, '2026-02-12 16:25:00', 23),
(7, 2, '2026-02-21 07:36:00', 24),
(8, 2, '2026-03-02 16:47:00', 25),
(9, 3, '2026-02-04 07:21:00', 18),
(10, 3, '2026-02-13 16:32:00', 22),
(11, 3, '2026-02-22 07:43:00', 23),
(12, 3, '2026-03-03 16:54:00', 24),
(13, 4, '2026-02-05 07:28:00', 19),
(14, 4, '2026-02-14 16:39:00', 24),
(15, 4, '2026-02-23 07:50:00', 25),
(16, 4, '2026-03-04 16:01:00', 26),
(17, 5, '2026-02-06 07:35:00', 16),
(18, 5, '2026-02-15 16:46:00', 22),
(19, 5, '2026-02-24 07:57:00', 23),
(20, 5, '2026-03-05 16:08:00', 24),
(21, 6, '2026-02-07 07:42:00', 13),
(22, 6, '2026-02-16 16:53:00', 17),
(23, 6, '2026-02-25 07:04:00', 18),
(24, 6, '2026-03-06 16:15:00', 19),
(25, 7, '2026-02-08 07:49:00', 16),
(26, 7, '2026-02-17 16:00:00', 21),
(27, 7, '2026-02-26 07:11:00', 22),
(28, 7, '2026-03-07 16:22:00', 23),
(29, 8, '2026-02-09 07:56:00', 29),
(30, 8, '2026-02-18 16:07:00', 35),
(31, 8, '2026-02-27 07:18:00', 36),
(32, 8, '2026-03-08 16:29:00', 37),
(33, 9, '2026-02-10 07:03:00', 24),
(34, 9, '2026-02-19 16:14:00', 28),
(35, 9, '2026-02-28 07:25:00', 29),
(36, 9, '2026-03-09 16:36:00', 30),
(37, 10, '2026-02-11 07:10:00', 11),
(38, 10, '2026-02-20 16:21:00', 16),
(39, 10, '2026-03-01 07:32:00', 17),
(40, 10, '2026-03-10 16:43:00', 18),
(41, 11, '2026-02-12 07:17:00', 20),
(42, 11, '2026-02-21 16:28:00', 26),
(43, 11, '2026-03-02 07:39:00', 27),
(44, 11, '2026-03-11 16:50:00', 28),
(45, 12, '2026-02-13 07:24:00', 9),
(46, 12, '2026-02-22 16:35:00', 13),
(47, 12, '2026-03-03 07:46:00', 14),
(48, 12, '2026-03-12 16:57:00', 15),
(49, 13, '2026-02-14 07:31:00', 18),
(50, 13, '2026-02-23 16:42:00', 23),
(51, 13, '2026-03-04 07:53:00', 24),
(52, 13, '2026-03-13 16:04:00', 25),
(53, 14, '2026-02-15 07:38:00', 17),
(54, 14, '2026-02-24 16:49:00', 23),
(55, 14, '2026-03-05 07:00:00', 24),
(56, 14, '2026-03-14 16:11:00', 25),
(57, 15, '2026-02-16 07:45:00', 16),
(58, 15, '2026-02-25 16:56:00', 20),
(59, 15, '2026-03-06 07:07:00', 21),
(60, 15, '2026-03-15 16:18:00', 22),
(61, 16, '2026-02-17 07:52:00', 19),
(62, 16, '2026-02-26 16:03:00', 24),
(63, 16, '2026-03-07 07:14:00', 25),
(64, 16, '2026-03-16 16:25:00', 26),
(65, 17, '2026-02-18 07:59:00', 20),
(66, 17, '2026-02-27 16:10:00', 26),
(67, 17, '2026-03-08 07:21:00', 27),
(68, 17, '2026-03-17 16:32:00', 28),
(69, 18, '2026-02-19 07:06:00', 17),
(70, 18, '2026-02-28 16:17:00', 21),
(71, 18, '2026-03-09 07:28:00', 22),
(72, 18, '2026-03-18 16:39:00', 23),
(73, 19, '2026-02-20 07:13:00', 28),
(74, 19, '2026-03-01 16:24:00', 33),
(75, 19, '2026-03-10 07:35:00', 34),
(76, 19, '2026-03-19 16:46:00', 35),
(77, 20, '2026-02-21 07:20:00', 21),
(78, 20, '2026-03-02 16:31:00', 27),
(79, 20, '2026-03-11 07:42:00', 28),
(80, 20, '2026-03-20 16:53:00', 29),
(81, 21, '2026-02-22 07:27:00', 8),
(82, 21, '2026-03-03 16:38:00', 12),
(83, 21, '2026-03-12 07:49:00', 13),
(84, 21, '2026-03-21 16:00:00', 14),
(85, 22, '2026-02-23 07:34:00', 21),
(86, 22, '2026-03-04 16:45:00', 26),
(87, 22, '2026-03-13 07:56:00', 27),
(88, 22, '2026-03-22 16:07:00', 28);
